customer_id,customer_name,segment,recency,frequency,monetary,r_score,f_score,m_score,rfm_total,customer_segment
CU-101234,"John Brown","Home Office",55,1,2063.11,5,5,5,15,Champion
CU-100353,"Mary Rodriguez",Corporate,87,1,2059.96,5,5,5,15,Champion
CU-100928,"Lisa Brown","Home Office",55,1,2012.80,5,5,5,15,Champion
CU-100231,"Patricia Johnson",Corporate,40,1,1992.33,5,5,5,15,Champion
CU-102705,"Robert Smith",Consumer,96,1,1951.00,5,5,5,15,Champion
CU-101876,"Mary Miller","Home Office",27,1,1948.41,5,5,5,15,Champion
CU-102304,"John Johnson",Consumer,96,1,1936.37,5,5,5,15,Champion
CU-100678,"David Hernandez",Corporate,12,1,1875.24,5,5,5,15,Champion
CU-101724,"Linda Johnson",Consumer,96,1,1789.92,5,5,5,15,Champion
CU-102693,"David Brown",Consumer,28,1,1780.49,5,5,5,15,Champion
CU-102804,"William Gonzalez","Home Office",66,1,1694.95,5,5,5,15,Champion
CU-101852,"Sarah Rodriguez",Consumer,85,1,1605.53,5,5,5,15,Champion
CU-100661,"Emma Brown","Home Office",54,1,1576.62,5,5,5,15,Champion
CU-100597,"Elizabeth Miller","Home Office",107,1,1515.02,5,5,5,15,Champion
CU-100500,"Robert Gonzalez","Home Office",12,1,1346.30,5,5,5,15,Champion
CU-102211,"James Davis",Consumer,24,1,1310.30,5,5,5,15,Champion
CU-101125,"David Williams",Corporate,115,1,1307.64,5,5,5,15,Champion
CU-100055,"Elizabeth Rodriguez","Home Office",75,1,1240.17,5,5,5,15,Champion
CU-100556,"Joseph Garcia",Corporate,23,1,1235.48,5,5,5,15,Champion
CU-102151,"David Davis","Home Office",68,1,1194.64,5,5,5,15,Champion
CU-101777,"Robert Johnson","Home Office",74,1,1185.36,5,5,5,15,Champion
CU-101744,"Lisa Miller",Consumer,84,1,1179.95,5,5,5,15,Champion
CU-102021,"Joseph Garcia",Consumer,46,1,1175.75,5,5,5,15,Champion
CU-101499,"James Johnson",Corporate,66,1,1155.75,5,5,5,15,Champion
CU-100681,"James Davis",Corporate,23,1,1154.44,5,5,5,15,Champion
CU-101708,"Mary Lopez",Corporate,18,1,1150.13,5,5,5,15,Champion
CU-100194,"David Wilson",Consumer,48,1,1125.95,5,5,5,15,Champion
CU-101485,"Linda Lopez",Consumer,71,1,1073.37,5,5,5,15,Champion
CU-102235,"Linda Davis",Consumer,18,1,1006.88,5,5,5,15,Champion
CU-101338,"Emma Anderson",Corporate,31,1,819.68,5,5,5,15,Champion
CU-100718,"Patricia Johnson",Corporate,100,1,810.45,5,5,5,15,Champion
CU-100421,"Mary Gonzalez","Home Office",69,1,767.02,5,5,5,15,Champion
CU-101801,"Emma Hernandez",Consumer,33,1,674.88,5,5,5,15,Champion
CU-100723,"Lisa Lopez",Consumer,66,1,656.69,5,5,5,15,Champion
CU-102038,"David Martinez","Home Office",90,1,611.17,5,5,5,15,Champion
CU-101335,"William Williams",Corporate,24,1,593.17,5,5,5,15,Champion
CU-102149,"John Gonzalez",Consumer,117,1,561.33,5,5,5,15,Champion
CU-101038,"Elizabeth Gonzalez","Home Office",112,1,555.00,5,5,5,15,Champion
CU-101037,"Lisa Gonzalez",Corporate,89,1,504.34,5,5,5,15,Champion
CU-102272,"Jennifer Johnson","Home Office",15,1,502.50,5,5,5,15,Champion
CU-102070,"Emma Garcia","Home Office",106,1,482.53,5,5,5,15,Champion
CU-102022,"Michael Johnson",Corporate,71,1,413.21,5,5,5,15,Champion
CU-101541,"William Smith",Corporate,21,1,315.50,5,5,5,15,Champion
CU-100985,"Emma Lopez",Consumer,86,1,306.00,5,5,5,15,Champion
CU-101945,"Patricia Miller",Corporate,29,1,284.09,5,5,5,15,Champion
CU-100840,"Patricia Wilson",Corporate,113,1,261.03,5,5,5,15,Champion
CU-100642,"Richard Johnson",Consumer,105,1,251.46,5,5,5,15,Champion
CU-102514,"Richard Gonzalez","Home Office",16,1,206.98,5,5,5,15,Champion
CU-102203,"Sarah Smith",Corporate,73,1,173.46,5,5,5,15,Champion
CU-101674,"Patricia Gonzalez",Corporate,105,1,3917.56,5,5,4,14,Champion
CU-100997,"Michael Rodriguez",Corporate,16,1,3880.26,5,5,4,14,Champion
CU-101471,"Patricia Smith",Corporate,16,1,3805.18,5,5,4,14,Champion
CU-102901,"Michael Lopez",Consumer,107,1,3777.60,5,5,4,14,Champion
CU-101162,"Patricia Hernandez",Corporate,117,1,3590.91,5,5,4,14,Champion
CU-102604,"Jennifer Smith",Corporate,37,1,3512.89,5,5,4,14,Champion
CU-100873,"Emma Miller","Home Office",106,1,3500.79,5,5,4,14,Champion
CU-102688,"Linda Gonzalez",Corporate,119,1,3487.21,5,5,4,14,Champion
CU-100895,"Sarah Miller",Corporate,74,1,3405.38,5,5,4,14,Champion
CU-100148,"Patricia Miller","Home Office",34,1,3323.64,5,5,4,14,Champion
CU-100722,"Lisa Miller",Corporate,30,1,3318.37,5,5,4,14,Champion
CU-100255,"John Smith",Corporate,8,1,3296.61,5,5,4,14,Champion
CU-100332,"Joseph Anderson",Corporate,19,1,3222.43,5,5,4,14,Champion
CU-102001,"Mary Rodriguez","Home Office",107,1,3134.56,5,5,4,14,Champion
CU-101559,"Elizabeth Gonzalez",Consumer,82,1,3096.14,5,5,4,14,Champion
CU-102767,"Joseph Garcia","Home Office",49,1,3058.46,5,5,4,14,Champion
CU-101889,"James Miller",Corporate,36,1,3050.93,5,5,4,14,Champion
CU-101988,"William Hernandez",Corporate,47,1,2941.25,5,5,4,14,Champion
CU-101639,"Jennifer Hernandez","Home Office",76,1,2934.67,5,5,4,14,Champion
CU-102573,"James Jones","Home Office",7,1,2921.03,5,5,4,14,Champion
CU-101875,"Michael Miller",Consumer,44,1,2911.13,5,5,4,14,Champion
CU-100522,"Emma Anderson",Consumer,60,1,2893.59,5,5,4,14,Champion
CU-102564,"Elizabeth Rodriguez","Home Office",17,1,2884.14,5,5,4,14,Champion
CU-102545,"Mary Anderson",Corporate,88,1,2846.77,5,5,4,14,Champion
CU-100734,"Lisa Anderson",Corporate,81,1,2841.73,5,5,4,14,Champion
CU-101608,"Michael Garcia","Home Office",46,1,2763.46,5,5,4,14,Champion
CU-100487,"Robert Gonzalez",Consumer,27,1,2747.39,5,5,4,14,Champion
CU-102366,"Emma Johnson",Corporate,81,1,2738.83,5,5,4,14,Champion
CU-101092,"Richard Garcia","Home Office",29,1,2712.96,5,5,4,14,Champion
CU-100409,"William Lopez",Corporate,62,1,2699.50,5,5,4,14,Champion
CU-101281,"Mary Smith",Corporate,52,1,2601.97,5,5,4,14,Champion
CU-102111,"Patricia Brown","Home Office",118,1,2529.23,5,5,4,14,Champion
CU-101466,"Patricia Martinez",Corporate,63,1,2494.41,5,5,4,14,Champion
CU-102821,"Emma Anderson",Corporate,99,1,2485.32,5,5,4,14,Champion
CU-101316,"Jennifer Miller","Home Office",39,1,2303.24,5,5,4,14,Champion
CU-102170,"Patricia Garcia",Corporate,70,1,2275.82,5,5,4,14,Champion
CU-101420,"Mary Davis","Home Office",70,1,2251.77,5,5,4,14,Champion
CU-101689,"David Hernandez",Corporate,189,1,2056.53,4,5,5,14,Champion
CU-100415,"Richard Rodriguez",Consumer,278,1,2024.03,4,5,5,14,Champion
CU-102429,"Richard Johnson",Consumer,273,1,1970.99,4,5,5,14,Champion
CU-102946,"William Garcia",Consumer,262,1,1937.20,4,5,5,14,Champion
CU-102612,"Robert Davis",Consumer,248,1,1919.16,4,5,5,14,Champion
CU-101043,"Richard Jones",Corporate,208,1,1909.61,4,5,5,14,Champion
CU-100099,"Mary Rodriguez","Home Office",247,1,1904.20,4,5,5,14,Champion
CU-101636,"William Martinez","Home Office",127,1,1902.65,4,5,5,14,Champion
CU-102277,"Joseph Hernandez","Home Office",236,1,1889.86,4,5,5,14,Champion
CU-100366,"David Wilson","Home Office",232,1,1874.50,4,5,5,14,Champion
CU-102853,"Sarah Anderson","Home Office",269,1,1852.13,4,5,5,14,Champion
CU-100464,"Elizabeth Gonzalez","Home Office",198,1,1843.42,4,5,5,14,Champion
CU-102260,"Sarah Hernandez",Corporate,153,1,1826.84,4,5,5,14,Champion
CU-102951,"Emma Gonzalez",Consumer,189,1,1825.73,4,5,5,14,Champion
CU-102871,"David Anderson",Corporate,139,1,1784.06,4,5,5,14,Champion
CU-101176,"Lisa Smith","Home Office",127,1,1782.77,4,5,5,14,Champion
CU-100204,"Elizabeth Gonzalez",Corporate,230,1,1778.25,4,5,5,14,Champion
CU-102427,"Elizabeth Martinez","Home Office",161,1,1769.68,4,5,5,14,Champion
CU-100962,"David Hernandez","Home Office",278,1,1732.53,4,5,5,14,Champion
CU-100215,"Joseph Hernandez",Corporate,214,1,1674.29,4,5,5,14,Champion
CU-101362,"Robert Miller",Corporate,250,1,1648.22,4,5,5,14,Champion
CU-100473,"Sarah Miller",Corporate,267,1,1607.86,4,5,5,14,Champion
CU-100554,"Joseph Johnson",Consumer,189,1,1568.73,4,5,5,14,Champion
CU-101773,"Patricia Wilson",Corporate,136,1,1562.27,4,5,5,14,Champion
CU-102332,"Elizabeth Jones",Corporate,165,1,1554.30,4,5,5,14,Champion
CU-102762,"Linda Miller",Consumer,183,1,1497.26,4,5,5,14,Champion
CU-100009,"Mary Wilson","Home Office",189,1,1487.30,4,5,5,14,Champion
CU-102561,"Robert Smith",Corporate,163,1,1481.10,4,5,5,14,Champion
CU-101545,"Mary Miller","Home Office",191,1,1453.24,4,5,5,14,Champion
CU-102425,"David Jones","Home Office",197,1,1390.60,4,5,5,14,Champion
CU-102801,"Richard Hernandez",Consumer,259,1,1313.24,4,5,5,14,Champion
CU-100333,"Sarah Miller","Home Office",190,1,1312.10,4,5,5,14,Champion
CU-101614,"Robert Williams",Consumer,228,1,1299.07,4,5,5,14,Champion
CU-100725,"Elizabeth Williams",Corporate,272,1,1296.75,4,5,5,14,Champion
CU-102006,"John Rodriguez",Corporate,168,1,1225.54,4,5,5,14,Champion
CU-101916,"Lisa Jones",Consumer,134,1,1222.76,4,5,5,14,Champion
CU-100877,"James Lopez","Home Office",125,1,1206.67,4,5,5,14,Champion
CU-101981,"Michael Garcia",Corporate,122,1,1100.70,4,5,5,14,Champion
CU-102310,"Robert Johnson","Home Office",183,1,1068.30,4,5,5,14,Champion
CU-102553,"Patricia Gonzalez",Consumer,179,1,1039.49,4,5,5,14,Champion
CU-101707,"John Anderson","Home Office",202,1,1021.90,4,5,5,14,Champion
CU-102595,"Elizabeth Miller",Corporate,192,1,999.82,4,5,5,14,Champion
CU-100838,"John Wilson",Consumer,132,1,995.56,4,5,5,14,Champion
CU-101813,"Jennifer Rodriguez","Home Office",125,1,992.74,4,5,5,14,Champion
CU-100847,"Joseph Smith",Consumer,144,1,961.16,4,5,5,14,Champion
CU-102701,"Richard Rodriguez",Consumer,166,1,833.93,4,5,5,14,Champion
CU-100831,"Elizabeth Anderson",Consumer,135,1,782.86,4,5,5,14,Champion
CU-101870,"Elizabeth Smith",Consumer,272,1,727.82,4,5,5,14,Champion
CU-100388,"William Brown","Home Office",144,1,645.06,4,5,5,14,Champion
CU-101630,"Richard Jones",Consumer,263,1,622.70,4,5,5,14,Champion
CU-100918,"John Hernandez","Home Office",237,1,581.16,4,5,5,14,Champion
CU-100510,"Linda Jones",Consumer,229,1,566.98,4,5,5,14,Champion
CU-101292,"Joseph Miller",Corporate,139,1,550.76,4,5,5,14,Champion
CU-100699,"Joseph Anderson",Consumer,145,1,500.25,4,5,5,14,Champion
CU-101632,"Richard Jones","Home Office",122,1,486.24,4,5,5,14,Champion
CU-102126,"Joseph Rodriguez","Home Office",184,1,474.75,4,5,5,14,Champion
CU-100507,"Emma Gonzalez","Home Office",176,1,457.31,4,5,5,14,Champion
CU-101520,"Linda Anderson",Consumer,223,1,369.70,4,5,5,14,Champion
CU-100789,"Michael Garcia",Corporate,167,1,288.14,4,5,5,14,Champion
CU-102257,"Linda Miller",Corporate,258,1,267.02,4,5,5,14,Champion
CU-100008,"Joseph Rodriguez",Consumer,257,1,226.95,4,5,5,14,Champion
CU-101180,"Richard Davis",Corporate,262,1,91.83,4,5,5,14,Champion
CU-100970,"Emma Williams",Corporate,189,1,38.88,4,5,5,14,Champion
CU-101375,"Linda Smith","Home Office",42,1,5722.90,5,5,3,13,Loyal
CU-101112,"Robert Rodriguez",Consumer,87,1,5567.18,5,5,3,13,Loyal
CU-100125,"Elizabeth Smith","Home Office",63,1,5467.78,5,5,3,13,Loyal
CU-100702,"Robert Hernandez","Home Office",74,1,5404.20,5,5,3,13,Loyal
CU-102373,"Robert Lopez",Consumer,79,1,5336.37,5,5,3,13,Loyal
CU-102653,"Joseph Hernandez","Home Office",110,1,5230.51,5,5,3,13,Loyal
CU-102025,"David Johnson",Corporate,118,1,5139.93,5,5,3,13,Loyal
CU-100993,"Mary Brown",Consumer,120,1,5024.23,5,5,3,13,Loyal
CU-102500,"Lisa Williams","Home Office",52,1,5008.63,5,5,3,13,Loyal
CU-100519,"John Smith","Home Office",37,1,4819.15,5,5,3,13,Loyal
CU-101389,"Linda Williams",Consumer,9,1,4745.27,5,5,3,13,Loyal
CU-101024,"Patricia Williams",Corporate,120,1,4557.05,5,5,3,13,Loyal
CU-101262,"Richard Williams","Home Office",3,1,4351.22,5,5,3,13,Loyal
CU-102052,"William Martinez",Consumer,18,1,4347.20,5,5,3,13,Loyal
CU-101372,"William Rodriguez",Corporate,60,1,4298.81,5,5,3,13,Loyal
CU-102884,"David Wilson",Consumer,68,1,4176.04,5,5,3,13,Loyal
CU-102687,"Sarah Anderson",Consumer,32,1,4117.32,5,5,3,13,Loyal
CU-102999,"Richard Gonzalez",Corporate,42,1,4104.06,5,5,3,13,Loyal
CU-100810,"Linda Davis",Corporate,0,1,4091.95,5,5,3,13,Loyal
CU-102139,"Joseph Brown","Home Office",74,1,4089.94,5,5,3,13,Loyal
CU-101108,"Robert Hernandez",Corporate,41,1,3957.38,5,5,3,13,Loyal
CU-101185,"Sarah Martinez","Home Office",123,1,3848.36,4,5,4,13,Champion
CU-101938,"Elizabeth Smith",Corporate,183,1,3832.51,4,5,4,13,Champion
CU-102490,"John Jones","Home Office",199,1,3827.01,4,5,4,13,Champion
CU-100229,"Mary Lopez",Corporate,262,1,3751.95,4,5,4,13,Champion
CU-100602,"Patricia Rodriguez",Consumer,224,1,3682.60,4,5,4,13,Champion
CU-101603,"James Anderson",Consumer,164,1,3556.69,4,5,4,13,Champion
CU-102205,"Robert Garcia",Corporate,218,1,3538.71,4,5,4,13,Champion
CU-100224,"Robert Martinez",Corporate,230,1,3515.84,4,5,4,13,Champion
CU-101993,"James Lopez","Home Office",125,1,3436.54,4,5,4,13,Champion
CU-101998,"Joseph Garcia",Consumer,248,1,3361.03,4,5,4,13,Champion
CU-100275,"Michael Williams","Home Office",138,1,3345.36,4,5,4,13,Champion
CU-100549,"Jennifer Martinez","Home Office",218,1,3323.09,4,5,4,13,Champion
CU-101994,"Patricia Williams",Corporate,165,1,3232.58,4,5,4,13,Champion
CU-102757,"Patricia Hernandez",Consumer,138,1,3228.20,4,5,4,13,Champion
CU-102351,"Linda Johnson","Home Office",259,1,3189.83,4,5,4,13,Champion
CU-102186,"David Gonzalez",Consumer,151,1,3182.72,4,5,4,13,Champion
CU-101802,"Richard Miller",Consumer,275,1,3144.30,4,5,4,13,Champion
CU-102089,"James Gonzalez",Corporate,213,1,3144.17,4,5,4,13,Champion
CU-100168,"Michael Hernandez",Consumer,258,1,3143.38,4,5,4,13,Champion
CU-102649,"Sarah Martinez",Consumer,167,1,3142.35,4,5,4,13,Champion
CU-100420,"John Garcia",Corporate,183,1,3136.52,4,5,4,13,Champion
CU-102943,"Jennifer Wilson","Home Office",178,1,3131.26,4,5,4,13,Champion
CU-101032,"Emma Lopez",Consumer,250,1,3084.25,4,5,4,13,Champion
CU-101312,"Linda Gonzalez",Corporate,179,1,3076.63,4,5,4,13,Champion
CU-102957,"Patricia Wilson","Home Office",181,1,2988.63,4,5,4,13,Champion
CU-100222,"John Martinez","Home Office",254,1,2843.66,4,5,4,13,Champion
CU-102984,"Elizabeth Rodriguez",Corporate,158,1,2772.19,4,5,4,13,Champion
CU-100006,"James Johnson",Consumer,180,1,2628.36,4,5,4,13,Champion
CU-100280,"Joseph Miller",Corporate,231,1,2607.49,4,5,4,13,Champion
CU-102353,"William Brown",Consumer,162,1,2567.38,4,5,4,13,Champion
CU-100595,"Patricia Smith",Corporate,145,1,2557.39,4,5,4,13,Champion
CU-102128,"Emma Williams",Consumer,247,1,2485.51,4,5,4,13,Champion
CU-102867,"Lisa Johnson",Consumer,171,1,2458.81,4,5,4,13,Champion
CU-101865,"Mary Garcia","Home Office",159,1,2409.15,4,5,4,13,Champion
CU-101523,"Elizabeth Miller",Consumer,270,1,2388.58,4,5,4,13,Champion
CU-102925,"David Rodriguez","Home Office",244,1,2386.12,4,5,4,13,Champion
CU-102137,"Robert Wilson",Corporate,185,1,2270.27,4,5,4,13,Champion
CU-102616,"James Martinez",Corporate,190,1,2232.65,4,5,4,13,Champion
CU-101480,"John Davis",Corporate,196,1,2209.96,4,5,4,13,Champion
CU-101756,"Emma Brown","Home Office",207,1,2110.25,4,5,4,13,Champion
CU-100574,"Michael Johnson","Home Office",213,1,2103.11,4,5,4,13,Champion
CU-101021,"John Smith","Home Office",192,1,2085.26,4,5,4,13,Champion
CU-102113,"Sarah Martinez","Home Office",346,1,2049.60,3,5,5,13,Loyal
CU-100086,"Emma Anderson",Corporate,376,1,2039.19,3,5,5,13,Loyal
CU-102239,"Joseph Wilson",Corporate,317,1,2012.84,3,5,5,13,Loyal
CU-102210,"Robert Gonzalez","Home Office",419,1,1988.74,3,5,5,13,Loyal
CU-102658,"Michael Williams",Corporate,318,1,1971.14,3,5,5,13,Loyal
CU-101364,"Robert Gonzalez",Consumer,73,2,1965.01,5,3,5,13,Loyal
CU-102335,"Michael Davis",Consumer,346,1,1936.33,3,5,5,13,Loyal
CU-101906,"John Garcia",Consumer,70,2,1929.30,5,3,5,13,Loyal
CU-101835,"Sarah Hernandez",Corporate,426,1,1879.35,3,5,5,13,Loyal
CU-100169,"Linda Johnson","Home Office",329,1,1863.40,3,5,5,13,Loyal
CU-101792,"Jennifer Brown",Consumer,293,1,1854.25,3,5,5,13,Loyal
CU-101090,"Emma Williams",Corporate,281,1,1852.73,3,5,5,13,Loyal
CU-100934,"Elizabeth Davis",Corporate,392,1,1837.22,3,5,5,13,Loyal
CU-101285,"Robert Hernandez",Consumer,364,1,1833.72,3,5,5,13,Loyal
CU-101357,"Sarah Lopez",Consumer,341,1,1824.15,3,5,5,13,Loyal
CU-100342,"Jennifer Lopez",Consumer,411,1,1767.61,3,5,5,13,Loyal
CU-102594,"William Davis",Consumer,375,1,1716.53,3,5,5,13,Loyal
CU-101192,"David Davis","Home Office",285,1,1666.93,3,5,5,13,Loyal
CU-101872,"Michael Davis",Consumer,322,1,1533.82,3,5,5,13,Loyal
CU-100392,"Michael Smith","Home Office",449,1,1513.30,3,5,5,13,Loyal
CU-100124,"Richard Jones",Corporate,285,1,1492.84,3,5,5,13,Loyal
CU-101594,"Jennifer Lopez",Consumer,357,1,1488.48,3,5,5,13,Loyal
CU-102918,"Patricia Jones",Corporate,349,1,1444.06,3,5,5,13,Loyal
CU-102456,"Michael Miller","Home Office",462,1,1411.68,3,5,5,13,Loyal
CU-102474,"William Garcia","Home Office",93,2,1396.21,5,3,5,13,Loyal
CU-102244,"John Rodriguez","Home Office",311,1,1323.51,3,5,5,13,Loyal
CU-101808,"Linda Davis","Home Office",320,1,1320.10,3,5,5,13,Loyal
CU-100401,"Jennifer Williams",Consumer,394,1,1307.33,3,5,5,13,Loyal
CU-101583,"James Martinez",Consumer,364,1,1290.81,3,5,5,13,Loyal
CU-100968,"Michael Brown",Corporate,295,1,1285.53,3,5,5,13,Loyal
CU-100582,"John Lopez","Home Office",362,1,1250.73,3,5,5,13,Loyal
CU-102743,"James Rodriguez",Corporate,313,1,1243.91,3,5,5,13,Loyal
CU-102854,"Linda Smith","Home Office",391,1,1243.71,3,5,5,13,Loyal
CU-100575,"Mary Garcia",Corporate,84,2,1242.66,5,3,5,13,Loyal
CU-102279,"Jennifer Lopez",Corporate,456,1,1241.95,3,5,5,13,Loyal
CU-101008,"Michael Rodriguez",Consumer,282,1,1216.91,3,5,5,13,Loyal
CU-100020,"Richard Garcia",Consumer,321,1,1209.92,3,5,5,13,Loyal
CU-100736,"Linda Hernandez",Consumer,91,2,1204.65,5,3,5,13,Loyal
CU-100011,"Michael Wilson",Consumer,384,1,1177.44,3,5,5,13,Loyal
CU-102668,"William Williams","Home Office",460,1,1131.64,3,5,5,13,Loyal
CU-100430,"James Rodriguez",Corporate,455,1,1127.36,3,5,5,13,Loyal
CU-100743,"Michael Davis",Consumer,453,1,1106.88,3,5,5,13,Loyal
CU-101174,"Linda Miller",Corporate,336,1,1101.70,3,5,5,13,Loyal
CU-102256,"Patricia Williams","Home Office",428,1,979.04,3,5,5,13,Loyal
CU-100940,"William Wilson",Consumer,415,1,960.30,3,5,5,13,Loyal
CU-102650,"Elizabeth Williams",Corporate,340,1,956.16,3,5,5,13,Loyal
CU-102158,"Jennifer Anderson","Home Office",416,1,947.61,3,5,5,13,Loyal
CU-100397,"Robert Garcia","Home Office",368,1,922.06,3,5,5,13,Loyal
CU-101070,"John Williams",Consumer,439,1,906.03,3,5,5,13,Loyal
CU-102167,"David Miller",Corporate,334,1,878.92,3,5,5,13,Loyal
CU-100749,"Patricia Gonzalez","Home Office",450,1,723.54,3,5,5,13,Loyal
CU-101597,"Robert Miller",Consumer,358,1,695.23,3,5,5,13,Loyal
CU-102704,"Michael Hernandez",Consumer,20,2,690.61,5,3,5,13,Loyal
CU-101396,"Jennifer Johnson",Corporate,290,1,619.51,3,5,5,13,Loyal
CU-102556,"Sarah Miller",Consumer,282,1,493.99,3,5,5,13,Loyal
CU-100355,"Patricia Wilson",Consumer,419,1,449.63,3,5,5,13,Loyal
CU-101352,"Elizabeth Miller",Consumer,305,1,426.74,3,5,5,13,Loyal
CU-100781,"Jennifer Hernandez",Consumer,456,1,419.66,3,5,5,13,Loyal
CU-100863,"James Garcia","Home Office",339,1,392.96,3,5,5,13,Loyal
CU-102567,"Emma Brown",Consumer,347,1,385.36,3,5,5,13,Loyal
CU-100603,"Robert Miller",Consumer,283,1,374.40,3,5,5,13,Loyal
CU-102888,"Lisa Williams","Home Office",304,1,373.35,3,5,5,13,Loyal
CU-100955,"Richard Garcia",Corporate,444,1,351.80,3,5,5,13,Loyal
CU-102739,"Linda Brown",Consumer,400,1,335.26,3,5,5,13,Loyal
CU-101004,"John Davis",Consumer,433,1,323.32,3,5,5,13,Loyal
CU-101067,"Mary Johnson","Home Office",398,1,320.58,3,5,5,13,Loyal
CU-101402,"Emma Davis",Corporate,329,1,204.12,3,5,5,13,Loyal
CU-101278,"Joseph Brown",Consumer,402,1,191.61,3,5,5,13,Loyal
CU-100262,"Joseph Miller",Corporate,362,1,174.00,3,5,5,13,Loyal
CU-102076,"Patricia Anderson","Home Office",331,1,155.77,3,5,5,13,Loyal
CU-100560,"William Wilson",Corporate,330,1,131.13,3,5,5,13,Loyal
CU-102368,"William Garcia",Corporate,410,1,111.56,3,5,5,13,Loyal
CU-101136,"David Williams",Corporate,450,1,87.02,3,5,5,13,Loyal
CU-101132,"Richard Smith",Corporate,461,1,71.58,3,5,5,13,Loyal
CU-100813,"Jennifer Lopez",Corporate,398,1,52.90,3,5,5,13,Loyal
CU-102181,"Emma Lopez","Home Office",50,1,8047.10,5,5,2,12,Potential
CU-101535,"Linda Jones",Consumer,102,1,7941.51,5,5,2,12,Potential
CU-100069,"William Rodriguez",Corporate,85,1,7743.01,5,5,2,12,Potential
CU-102858,"Robert Gonzalez",Consumer,109,1,7526.50,5,5,2,12,Potential
CU-100752,"Michael Miller","Home Office",44,1,7375.10,5,5,2,12,Potential
CU-101073,"James Miller",Corporate,52,1,7363.67,5,5,2,12,Potential
CU-100456,"Elizabeth Garcia",Consumer,65,1,7229.90,5,5,2,12,Potential
CU-101451,"David Lopez",Corporate,106,1,7130.01,5,5,2,12,Potential
CU-100047,"Linda Williams",Corporate,62,1,6459.94,5,5,2,12,Potential
CU-100283,"Jennifer Miller","Home Office",104,1,6325.01,5,5,2,12,Potential
CU-101862,"David Martinez",Consumer,97,1,6141.24,5,5,2,12,Potential
CU-100395,"Richard Jones",Corporate,267,1,5901.38,4,5,3,12,Loyal
CU-100994,"Sarah Garcia",Consumer,199,1,5772.52,4,5,3,12,Loyal
CU-100170,"William Wilson",Consumer,201,1,5757.38,4,5,3,12,Loyal
CU-100211,"Patricia Miller",Consumer,257,1,5679.32,4,5,3,12,Loyal
CU-100779,"Lisa Wilson",Corporate,143,1,5654.67,4,5,3,12,Loyal
CU-100849,"Emma Miller","Home Office",266,1,5272.59,4,5,3,12,Loyal
CU-100747,"Joseph Jones",Consumer,208,1,5263.78,4,5,3,12,Loyal
CU-100321,"Sarah Hernandez",Corporate,140,1,5241.72,4,5,3,12,Loyal
CU-101358,"Elizabeth Anderson","Home Office",166,1,5239.16,4,5,3,12,Loyal
CU-101046,"Robert Williams",Corporate,156,1,5143.88,4,5,3,12,Loyal
CU-102773,"Sarah Hernandez","Home Office",191,1,5121.92,4,5,3,12,Loyal
CU-100059,"Robert Hernandez","Home Office",130,1,5108.99,4,5,3,12,Loyal
CU-101065,"William Jones","Home Office",266,1,5088.89,4,5,3,12,Loyal
CU-102278,"Jennifer Hernandez",Consumer,224,1,4956.74,4,5,3,12,Loyal
CU-100876,"David Miller","Home Office",272,1,4932.11,4,5,3,12,Loyal
CU-100095,"Richard Rodriguez",Consumer,129,1,4923.87,4,5,3,12,Loyal
CU-101580,"Linda Martinez","Home Office",134,1,4898.81,4,5,3,12,Loyal
CU-101218,"Michael Davis","Home Office",158,1,4823.54,4,5,3,12,Loyal
CU-101072,"Michael Williams",Consumer,181,1,4754.92,4,5,3,12,Loyal
CU-101854,"David Wilson","Home Office",191,1,4635.00,4,5,3,12,Loyal
CU-102976,"Jennifer Davis","Home Office",184,1,4604.86,4,5,3,12,Loyal
CU-101304,"Mary Gonzalez","Home Office",243,1,4556.31,4,5,3,12,Loyal
CU-102518,"Jennifer Garcia",Consumer,247,1,4515.40,4,5,3,12,Loyal
CU-100501,"Robert Wilson",Corporate,131,1,4473.39,4,5,3,12,Loyal
CU-101748,"Sarah Martinez",Corporate,179,1,4451.01,4,5,3,12,Loyal
CU-101950,"Elizabeth Smith",Corporate,236,1,4346.68,4,5,3,12,Loyal
CU-100786,"Robert Davis",Corporate,243,1,4193.86,4,5,3,12,Loyal
CU-102096,"Jennifer Hernandez",Corporate,170,1,4159.76,4,5,3,12,Loyal
CU-101443,"James Lopez",Consumer,237,1,4154.11,4,5,3,12,Loyal
CU-101347,"James Johnson",Corporate,165,1,4142.60,4,5,3,12,Loyal
CU-101787,"Linda Wilson",Corporate,252,1,4127.57,4,5,3,12,Loyal
CU-102882,"Michael Hernandez","Home Office",121,1,4100.05,4,5,3,12,Loyal
CU-102775,"William Anderson","Home Office",135,1,4033.03,4,5,3,12,Loyal
CU-101370,"John Williams",Consumer,168,1,3984.57,4,5,3,12,Loyal
CU-101448,"Michael Rodriguez",Corporate,204,1,3945.77,4,5,3,12,Loyal
CU-100126,"Jennifer Hernandez",Consumer,102,2,3897.54,5,3,4,12,Loyal
CU-102609,"Joseph Lopez",Corporate,87,2,3894.79,5,3,4,12,Loyal
CU-102470,"David Martinez",Corporate,461,1,3879.86,3,5,4,12,Loyal
CU-101445,"John Miller","Home Office",91,2,3873.82,5,3,4,12,Loyal
CU-101117,"Joseph Anderson",Corporate,322,1,3870.47,3,5,4,12,Loyal
CU-100254,"Jennifer Martinez",Consumer,40,2,3833.27,5,3,4,12,Loyal
CU-101766,"James Anderson","Home Office",91,2,3827.45,5,3,4,12,Loyal
CU-102035,"Elizabeth Lopez",Corporate,18,2,3781.59,5,3,4,12,Loyal
CU-101302,"Sarah Lopez","Home Office",459,1,3735.43,3,5,4,12,Loyal
CU-100384,"Patricia Williams","Home Office",448,1,3722.28,3,5,4,12,Loyal
CU-101521,"James Wilson",Corporate,292,1,3672.44,3,5,4,12,Loyal
CU-100660,"Lisa Garcia",Consumer,110,2,3666.37,5,3,4,12,Loyal
CU-102504,"John Hernandez",Corporate,55,2,3647.42,5,3,4,12,Loyal
CU-100122,"Joseph Williams",Consumer,416,1,3641.75,3,5,4,12,Loyal
CU-102090,"Emma Johnson",Consumer,461,1,3559.32,3,5,4,12,Loyal
CU-102045,"Jennifer Johnson",Corporate,375,1,3538.60,3,5,4,12,Loyal
CU-102592,"Richard Brown","Home Office",73,2,3529.72,5,3,4,12,Loyal
CU-101011,"Jennifer Wilson",Corporate,88,2,3523.86,5,3,4,12,Loyal
CU-100135,"James Smith",Corporate,357,1,3477.24,3,5,4,12,Loyal
CU-102660,"John Jones",Corporate,380,1,3474.40,3,5,4,12,Loyal
CU-101810,"Mary Martinez",Corporate,441,1,3459.00,3,5,4,12,Loyal
CU-101765,"William Anderson",Corporate,292,1,3421.99,3,5,4,12,Loyal
CU-100400,"Jennifer Davis",Consumer,367,1,3375.97,3,5,4,12,Loyal
CU-101058,"Mary Smith",Consumer,97,2,3372.93,5,3,4,12,Loyal
CU-102516,"Emma Wilson","Home Office",101,2,3349.30,5,3,4,12,Loyal
CU-101764,"Michael Miller","Home Office",106,2,3346.38,5,3,4,12,Loyal
CU-101363,"Emma Hernandez","Home Office",358,1,3298.34,3,5,4,12,Loyal
CU-100054,"Sarah Lopez",Corporate,438,1,3259.53,3,5,4,12,Loyal
CU-101129,"Sarah Lopez","Home Office",331,1,3235.62,3,5,4,12,Loyal
CU-100818,"Lisa Anderson",Corporate,389,1,3228.18,3,5,4,12,Loyal
CU-100096,"Robert Miller","Home Office",381,1,3159.25,3,5,4,12,Loyal
CU-100944,"Patricia Miller",Consumer,81,2,3152.40,5,3,4,12,Loyal
CU-101625,"John Johnson",Corporate,300,1,3152.15,3,5,4,12,Loyal
CU-102979,"Lisa Wilson","Home Office",8,2,3101.09,5,3,4,12,Loyal
CU-102794,"James Rodriguez",Corporate,366,1,3098.01,3,5,4,12,Loyal
CU-102624,"Patricia Hernandez","Home Office",306,1,3060.45,3,5,4,12,Loyal
CU-101836,"Elizabeth Brown","Home Office",379,1,3047.29,3,5,4,12,Loyal
CU-102997,"Lisa Wilson",Consumer,27,2,3007.10,5,3,4,12,Loyal
CU-101081,"Sarah Lopez","Home Office",369,1,2987.49,3,5,4,12,Loyal
CU-101570,"Patricia Wilson",Corporate,311,1,2983.29,3,5,4,12,Loyal
CU-101999,"Elizabeth Hernandez",Corporate,346,1,2970.11,3,5,4,12,Loyal
CU-102824,"Elizabeth Johnson","Home Office",307,1,2924.76,3,5,4,12,Loyal
CU-100010,"Michael Smith","Home Office",343,1,2903.84,3,5,4,12,Loyal
CU-100732,"Joseph Johnson",Consumer,410,1,2902.67,3,5,4,12,Loyal
CU-101274,"Lisa Jones",Corporate,370,1,2892.68,3,5,4,12,Loyal
CU-100817,"David Garcia",Corporate,14,2,2890.88,5,3,4,12,Loyal
CU-101760,"John Wilson",Corporate,409,1,2874.86,3,5,4,12,Loyal
CU-100154,"David Jones",Consumer,305,1,2867.20,3,5,4,12,Loyal
CU-100511,"Jennifer Miller","Home Office",384,1,2856.42,3,5,4,12,Loyal
CU-102966,"James Gonzalez",Corporate,458,1,2769.70,3,5,4,12,Loyal
CU-101844,"Michael Williams",Consumer,330,1,2751.10,3,5,4,12,Loyal
CU-102160,"Mary Garcia",Consumer,372,1,2702.82,3,5,4,12,Loyal
CU-100285,"Mary Garcia",Consumer,39,2,2648.31,5,3,4,12,Loyal
CU-102326,"John Anderson","Home Office",80,2,2628.24,5,3,4,12,Loyal
CU-101244,"David Gonzalez",Consumer,395,1,2602.21,3,5,4,12,Loyal
CU-101965,"Robert Jones",Corporate,341,1,2593.20,3,5,4,12,Loyal
CU-100352,"Robert Smith",Consumer,322,1,2574.23,3,5,4,12,Loyal
CU-101407,"Joseph Gonzalez",Consumer,439,1,2558.89,3,5,4,12,Loyal
CU-102903,"Mary Garcia","Home Office",3,2,2534.88,5,3,4,12,Loyal
CU-102481,"Richard Davis",Consumer,120,2,2510.63,5,3,4,12,Loyal
CU-101340,"John Anderson",Corporate,451,1,2472.71,3,5,4,12,Loyal
CU-102981,"Patricia Garcia",Consumer,428,1,2469.42,3,5,4,12,Loyal
CU-102017,"David Hernandez","Home Office",119,2,2447.34,5,3,4,12,Loyal
CU-101170,"Mary Lopez","Home Office",81,2,2446.09,5,3,4,12,Loyal
CU-100351,"Michael Lopez",Corporate,310,1,2427.08,3,5,4,12,Loyal
CU-102125,"Lisa Smith",Consumer,47,2,2418.67,5,3,4,12,Loyal
CU-100330,"Michael Gonzalez",Consumer,71,2,2401.00,5,3,4,12,Loyal
CU-101910,"Richard Miller",Consumer,316,1,2390.16,3,5,4,12,Loyal
CU-102377,"Robert Smith","Home Office",93,2,2387.67,5,3,4,12,Loyal
CU-101576,"James Anderson","Home Office",81,2,2333.87,5,3,4,12,Loyal
CU-101028,"Linda Wilson",Corporate,368,1,2188.32,3,5,4,12,Loyal
CU-102734,"Emma Gonzalez",Consumer,10,2,2151.61,5,3,4,12,Loyal
CU-100559,"Elizabeth Martinez",Consumer,5,2,2131.95,5,3,4,12,Loyal
CU-101888,"Emma Garcia",Consumer,419,1,2128.56,3,5,4,12,Loyal
CU-102963,"Mary Johnson","Home Office",93,2,2114.59,5,3,4,12,Loyal
CU-100609,"Mary Jones","Home Office",363,1,2088.92,3,5,4,12,Loyal
CU-101187,"Emma Davis",Corporate,448,1,2088.35,3,5,4,12,Loyal
CU-100792,"James Hernandez",Consumer,29,2,2069.67,5,3,4,12,Loyal
CU-101242,"John Gonzalez",Corporate,145,2,2067.24,4,3,5,12,Loyal
CU-102174,"Michael Martinez","Home Office",129,2,1882.40,4,3,5,12,Loyal
CU-102603,"David Miller","Home Office",140,2,1758.82,4,3,5,12,Loyal
CU-100381,"Michael Jones",Corporate,473,1,1723.40,3,4,5,12,Loyal
CU-102215,"Michael Davis",Consumer,130,2,1617.42,4,3,5,12,Loyal
CU-102102,"Jennifer Garcia",Corporate,135,2,1552.18,4,3,5,12,Loyal
CU-101733,"David Rodriguez","Home Office",220,2,1549.42,4,3,5,12,Loyal
CU-102416,"Emma Martinez",Corporate,195,2,1509.26,4,3,5,12,Loyal
CU-101827,"William Anderson",Consumer,124,2,1373.65,4,3,5,12,Loyal
CU-102617,"Mary Rodriguez","Home Office",127,2,1247.16,4,3,5,12,Loyal
CU-100767,"Elizabeth Wilson","Home Office",126,2,1084.35,4,3,5,12,Loyal
CU-101977,"Patricia Davis","Home Office",214,2,1083.04,4,3,5,12,Loyal
CU-102152,"Mary Garcia",Corporate,470,1,1017.11,3,4,5,12,Loyal
CU-101604,"Sarah Smith",Corporate,482,1,646.53,3,4,5,12,Loyal
CU-101678,"Jennifer Brown","Home Office",466,1,95.46,3,4,5,12,Loyal
CU-101691,"John Brown",Corporate,484,1,49.09,3,4,5,12,Loyal
CU-101295,"Sarah Martinez",Corporate,65,1,9769.74,5,5,1,11,Potential
CU-100836,"Sarah Wilson",Corporate,105,1,9701.71,5,5,1,11,Potential
CU-102667,"Sarah Miller","Home Office",228,1,8628.92,4,5,2,11,Potential
CU-101498,"Robert Rodriguez",Consumer,125,1,8234.81,4,5,2,11,Potential
CU-102694,"Michael Williams",Consumer,227,1,8020.79,4,5,2,11,Potential
CU-102262,"Robert Wilson",Corporate,162,1,7692.75,4,5,2,11,Potential
CU-101230,"Sarah Hernandez",Consumer,267,1,7425.16,4,5,2,11,Potential
CU-100927,"Linda Anderson","Home Office",168,1,7221.94,4,5,2,11,Potential
CU-102339,"Jennifer Anderson",Corporate,137,1,6927.43,4,5,2,11,Potential
CU-100173,"William Rodriguez","Home Office",207,1,6841.76,4,5,2,11,Potential
CU-102238,"Michael Jones",Corporate,148,1,6533.73,4,5,2,11,Potential
CU-100281,"Emma Garcia",Corporate,203,1,6395.97,4,5,2,11,Potential
CU-102939,"Michael Anderson","Home Office",238,1,6392.05,4,5,2,11,Potential
CU-100963,"Sarah Williams",Corporate,218,1,6346.82,4,5,2,11,Potential
CU-102112,"Richard Johnson",Consumer,204,1,6342.16,4,5,2,11,Potential
CU-102533,"Michael Lopez",Corporate,134,1,6137.03,4,5,2,11,Potential
CU-102557,"Sarah Hernandez","Home Office",134,1,6072.92,4,5,2,11,Potential
CU-101123,"Jennifer Brown",Corporate,409,1,5928.44,3,5,3,11,Loyal
CU-100414,"Patricia Gonzalez",Consumer,290,1,5853.24,3,5,3,11,Loyal
CU-100866,"William Martinez",Consumer,21,2,5832.98,5,3,3,11,Loyal
CU-101863,"Elizabeth Gonzalez","Home Office",358,1,5782.56,3,5,3,11,Loyal
CU-100385,"Linda Rodriguez",Consumer,294,1,5768.18,3,5,3,11,Loyal
CU-101960,"Michael Gonzalez","Home Office",17,2,5701.19,5,3,3,11,Loyal
CU-102880,"Emma Garcia",Corporate,16,2,5594.92,5,3,3,11,Loyal
CU-101446,"Patricia Johnson",Corporate,367,1,5580.32,3,5,3,11,Loyal
CU-101649,"Joseph Gonzalez","Home Office",69,2,5575.62,5,3,3,11,Loyal
CU-102718,"John Garcia","Home Office",49,2,5515.24,5,3,3,11,Loyal
CU-101320,"William Garcia",Corporate,390,1,5490.45,3,5,3,11,Loyal
CU-101138,"Richard Rodriguez",Corporate,22,2,5443.39,5,3,3,11,Loyal
CU-101717,"Elizabeth Brown",Corporate,30,2,5386.49,5,3,3,11,Loyal
CU-101332,"William Gonzalez",Corporate,13,2,5370.04,5,3,3,11,Loyal
CU-100424,"Jennifer Smith","Home Office",304,1,5369.74,3,5,3,11,Loyal
CU-100115,"Richard Anderson","Home Office",90,2,5367.13,5,3,3,11,Loyal
CU-102537,"Richard Garcia",Corporate,452,1,5349.21,3,5,3,11,Loyal
CU-102866,"David Brown",Consumer,313,1,5335.69,3,5,3,11,Loyal
CU-101800,"Sarah Jones","Home Office",96,2,5321.31,5,3,3,11,Loyal
CU-100942,"John Wilson","Home Office",372,1,5300.26,3,5,3,11,Loyal
CU-101963,"Elizabeth Williams","Home Office",37,2,5231.83,5,3,3,11,Loyal
CU-102689,"Lisa Rodriguez",Consumer,112,2,5230.87,5,3,3,11,Loyal
CU-102583,"Mary Gonzalez",Consumer,415,1,5226.99,3,5,3,11,Loyal
CU-101846,"James Miller",Corporate,95,2,5212.92,5,3,3,11,Loyal
CU-101840,"Elizabeth Jones","Home Office",332,1,5182.19,3,5,3,11,Loyal
CU-102028,"Emma Williams","Home Office",115,2,5145.81,5,3,3,11,Loyal
CU-102177,"Elizabeth Williams",Consumer,115,2,5135.69,5,3,3,11,Loyal
CU-100615,"William Lopez",Corporate,57,2,5070.43,5,3,3,11,Loyal
CU-100466,"Emma Smith","Home Office",393,1,5044.80,3,5,3,11,Loyal
CU-101722,"Emma Lopez",Consumer,83,2,5019.75,5,3,3,11,Loyal
CU-102445,"Richard Wilson",Consumer,459,1,5010.33,3,5,3,11,Loyal
CU-102018,"Sarah Johnson",Consumer,86,2,5007.37,5,3,3,11,Loyal
CU-100484,"Jennifer Brown",Consumer,458,1,4956.85,3,5,3,11,Loyal
CU-101967,"Emma Jones",Consumer,119,2,4944.21,5,3,3,11,Loyal
CU-101687,"Robert Anderson",Corporate,24,2,4925.61,5,3,3,11,Loyal
CU-102786,"David Rodriguez",Corporate,25,2,4911.84,5,3,3,11,Loyal
CU-102949,"Richard Martinez","Home Office",35,2,4808.64,5,3,3,11,Loyal
CU-101341,"Sarah Hernandez",Corporate,348,1,4794.92,3,5,3,11,Loyal
CU-100221,"John Wilson","Home Office",366,1,4779.49,3,5,3,11,Loyal
CU-100192,"William Miller",Corporate,92,2,4727.09,5,3,3,11,Loyal
CU-102738,"Lisa Hernandez",Corporate,65,2,4710.37,5,3,3,11,Loyal
CU-100292,"Joseph Wilson","Home Office",293,1,4700.13,3,5,3,11,Loyal
CU-102381,"Elizabeth Jones",Consumer,457,1,4679.90,3,5,3,11,Loyal
CU-101468,"John Wilson",Corporate,47,2,4654.77,5,3,3,11,Loyal
CU-101534,"James Smith",Corporate,348,1,4649.64,3,5,3,11,Loyal
CU-102593,"Linda Rodriguez","Home Office",70,2,4637.80,5,3,3,11,Loyal
CU-101975,"Joseph Wilson","Home Office",290,1,4602.19,3,5,3,11,Loyal
CU-100076,"Patricia Brown","Home Office",368,1,4581.01,3,5,3,11,Loyal
CU-102889,"Patricia Anderson",Consumer,51,2,4529.69,5,3,3,11,Loyal
CU-102902,"Emma Brown",Consumer,341,1,4483.91,3,5,3,11,Loyal
CU-101296,"Elizabeth Lopez",Consumer,441,1,4482.18,3,5,3,11,Loyal
CU-102640,"Joseph Davis","Home Office",366,1,4477.53,3,5,3,11,Loyal
CU-102029,"Joseph Gonzalez",Corporate,300,1,4424.70,3,5,3,11,Loyal
CU-102188,"John Jones",Consumer,117,2,4381.16,5,3,3,11,Loyal
CU-102459,"Linda Davis",Corporate,115,2,4368.78,5,3,3,11,Loyal
CU-100806,"Elizabeth Garcia","Home Office",71,2,4368.38,5,3,3,11,Loyal
CU-101118,"James Wilson",Corporate,374,1,4359.12,3,5,3,11,Loyal
CU-101644,"Linda Miller",Consumer,88,2,4322.99,5,3,3,11,Loyal
CU-101369,"John Anderson",Corporate,61,2,4264.46,5,3,3,11,Loyal
CU-102405,"David Rodriguez","Home Office",106,2,4251.38,5,3,3,11,Loyal
CU-102550,"David Wilson",Corporate,358,1,4236.45,3,5,3,11,Loyal
CU-101842,"Richard Brown",Corporate,447,1,4221.67,3,5,3,11,Loyal
CU-102487,"Sarah Gonzalez",Consumer,404,1,4126.14,3,5,3,11,Loyal
CU-101853,"James Jones",Corporate,411,1,4112.21,3,5,3,11,Loyal
CU-100439,"Emma Martinez","Home Office",366,1,4049.77,3,5,3,11,Loyal
CU-102536,"John Martinez","Home Office",86,2,4049.63,5,3,3,11,Loyal
CU-100573,"John Davis",Consumer,304,1,4037.33,3,5,3,11,Loyal
CU-101855,"Mary Jones",Corporate,25,2,4028.54,5,3,3,11,Loyal
CU-101635,"Robert Davis",Corporate,8,2,4026.48,5,3,3,11,Loyal
CU-100037,"James Smith","Home Office",7,2,4010.79,5,3,3,11,Loyal
CU-101847,"Linda Garcia",Corporate,425,1,3947.67,3,5,3,11,Loyal
CU-102842,"Patricia Davis",Corporate,116,2,3947.06,5,3,3,11,Loyal
CU-102574,"Richard Gonzalez",Corporate,150,2,3897.59,4,3,4,11,Loyal
CU-102480,"Richard Jones",Consumer,172,2,3892.97,4,3,4,11,Loyal
CU-102289,"John Williams","Home Office",137,2,3802.93,4,3,4,11,Loyal
CU-102336,"Robert Davis",Corporate,144,2,3789.02,4,3,4,11,Loyal
CU-101904,"Robert Anderson",Consumer,176,2,3785.59,4,3,4,11,Loyal
CU-102194,"Sarah Brown",Corporate,473,1,3772.77,3,4,4,11,Loyal
CU-102783,"Elizabeth Gonzalez",Consumer,184,2,3719.35,4,3,4,11,Loyal
CU-102644,"Patricia Williams","Home Office",201,2,3691.23,4,3,4,11,Loyal
CU-102316,"John Anderson",Corporate,146,2,3685.39,4,3,4,11,Loyal
CU-102435,"James Johnson","Home Office",181,2,3669.63,4,3,4,11,Loyal
CU-100345,"Patricia Johnson","Home Office",473,1,3527.61,3,4,4,11,Loyal
CU-100155,"Mary Lopez",Consumer,227,2,3525.07,4,3,4,11,Loyal
CU-102588,"Sarah Jones","Home Office",483,1,3490.73,3,4,4,11,Loyal
CU-100508,"Robert Garcia",Corporate,471,1,3384.76,3,4,4,11,Loyal
CU-102027,"Elizabeth Johnson","Home Office",158,2,3368.66,4,3,4,11,Loyal
CU-102823,"Mary Rodriguez",Corporate,189,2,3292.39,4,3,4,11,Loyal
CU-102376,"Richard Martinez",Corporate,479,1,3090.76,3,4,4,11,Loyal
CU-102472,"Patricia Anderson",Consumer,175,2,3024.75,4,3,4,11,Loyal
CU-102585,"Sarah Wilson",Consumer,207,2,3013.48,4,3,4,11,Loyal
CU-102247,"James Johnson","Home Office",475,1,2893.66,3,4,4,11,Loyal
CU-100071,"John Garcia",Consumer,136,2,2873.97,4,3,4,11,Loyal
CU-100624,"Lisa Wilson",Corporate,479,1,2632.40,3,4,4,11,Loyal
CU-101399,"Linda Martinez",Consumer,214,2,2609.27,4,3,4,11,Loyal
CU-102625,"John Anderson",Consumer,466,1,2369.44,3,4,4,11,Loyal
CU-102722,"Linda Garcia","Home Office",634,1,2042.37,2,4,5,11,"At Risk"
CU-101300,"John Davis",Corporate,624,1,2036.67,2,4,5,11,"At Risk"
CU-101360,"Emma Davis","Home Office",488,1,2032.74,2,4,5,11,"At Risk"
CU-102673,"Richard Williams","Home Office",657,1,2024.91,2,4,5,11,"At Risk"
CU-100690,"Joseph Rodriguez","Home Office",570,1,1993.97,2,4,5,11,"At Risk"
CU-101401,"Sarah Miller","Home Office",490,1,1900.52,2,4,5,11,"At Risk"
CU-101188,"Richard Lopez",Consumer,604,1,1866.31,2,4,5,11,"At Risk"
CU-100027,"William Rodriguez",Consumer,501,1,1836.39,2,4,5,11,"At Risk"
CU-102464,"Robert Garcia",Corporate,494,1,1813.70,2,4,5,11,"At Risk"
CU-102819,"James Anderson","Home Office",694,1,1785.86,2,4,5,11,"At Risk"
CU-102124,"Richard Miller","Home Office",586,1,1780.05,2,4,5,11,"At Risk"
CU-101923,"David Miller",Consumer,272,2,1767.55,4,2,5,11,"New Customer"
CU-102808,"Mary Smith",Consumer,507,1,1761.48,2,4,5,11,"At Risk"
CU-102742,"Michael Martinez",Corporate,258,2,1745.31,4,2,5,11,"New Customer"
CU-102264,"Patricia Gonzalez",Consumer,616,1,1737.88,2,4,5,11,"At Risk"
CU-102365,"Mary Wilson",Consumer,591,1,1704.24,2,4,5,11,"At Risk"
CU-102940,"Sarah Miller",Corporate,638,1,1691.68,2,4,5,11,"At Risk"
CU-101428,"James Miller","Home Office",661,1,1684.49,2,4,5,11,"At Risk"
CU-102098,"David Brown",Consumer,711,1,1675.78,2,4,5,11,"At Risk"
CU-101585,"James Davis",Corporate,595,1,1667.14,2,4,5,11,"At Risk"
CU-101497,"Emma Williams",Corporate,686,1,1665.74,2,4,5,11,"At Risk"
CU-101181,"Robert Brown",Consumer,594,1,1662.82,2,4,5,11,"At Risk"
CU-102024,"Richard Davis","Home Office",246,2,1642.17,4,2,5,11,"New Customer"
CU-102613,"Elizabeth Williams","Home Office",588,1,1620.02,2,4,5,11,"At Risk"
CU-100314,"Michael Martinez","Home Office",609,1,1602.35,2,4,5,11,"At Risk"
CU-102402,"William Wilson","Home Office",614,1,1585.97,2,4,5,11,"At Risk"
CU-101819,"Jennifer Davis","Home Office",519,1,1576.98,2,4,5,11,"At Risk"
CU-101624,"Patricia Martinez",Consumer,701,1,1566.20,2,4,5,11,"At Risk"
CU-101228,"John Wilson",Consumer,692,1,1546.42,2,4,5,11,"At Risk"
CU-102148,"David Brown",Consumer,711,1,1542.03,2,4,5,11,"At Risk"
CU-102146,"David Lopez",Consumer,657,1,1520.85,2,4,5,11,"At Risk"
CU-102322,"Emma Wilson",Corporate,671,1,1459.91,2,4,5,11,"At Risk"
CU-100045,"Sarah Miller","Home Office",570,1,1450.57,2,4,5,11,"At Risk"
CU-102187,"Mary Davis",Corporate,642,1,1438.79,2,4,5,11,"At Risk"
CU-102885,"David Rodriguez",Consumer,612,1,1373.02,2,4,5,11,"At Risk"
CU-100714,"Jennifer Smith","Home Office",677,1,1332.48,2,4,5,11,"At Risk"
CU-101250,"James Gonzalez",Corporate,519,1,1321.56,2,4,5,11,"At Risk"
CU-102524,"David Martinez",Corporate,507,1,1312.75,2,4,5,11,"At Risk"
CU-100704,"Elizabeth Garcia","Home Office",506,1,1290.91,2,4,5,11,"At Risk"
CU-102466,"Linda Lopez","Home Office",568,1,1277.55,2,4,5,11,"At Risk"
CU-102476,"Michael Brown",Consumer,635,1,1253.20,2,4,5,11,"At Risk"
CU-101500,"David Davis",Corporate,678,1,1247.16,2,4,5,11,"At Risk"
CU-102482,"Joseph Smith",Consumer,487,1,1237.07,2,4,5,11,"At Risk"
CU-100290,"Richard Lopez","Home Office",540,1,1201.49,2,4,5,11,"At Risk"
CU-100433,"James Davis",Corporate,560,1,1178.13,2,4,5,11,"At Risk"
CU-102010,"Mary Davis","Home Office",587,1,1151.56,2,4,5,11,"At Risk"
CU-101623,"John Jones","Home Office",562,1,1134.90,2,4,5,11,"At Risk"
CU-101005,"Richard Hernandez",Consumer,701,1,1127.04,2,4,5,11,"At Risk"
CU-102408,"Emma Johnson",Consumer,500,1,1109.45,2,4,5,11,"At Risk"
CU-101739,"Sarah Martinez","Home Office",675,1,1081.94,2,4,5,11,"At Risk"
CU-102314,"Joseph Williams","Home Office",703,1,1070.75,2,4,5,11,"At Risk"
CU-102922,"David Martinez","Home Office",732,1,1043.94,2,4,5,11,"At Risk"
CU-102707,"David Jones",Corporate,567,1,1043.54,2,4,5,11,"At Risk"
CU-101851,"Jennifer Johnson",Consumer,724,1,1041.96,2,4,5,11,"At Risk"
CU-101940,"Lisa Jones",Corporate,634,1,983.16,2,4,5,11,"At Risk"
CU-102495,"Lisa Davis",Corporate,692,1,980.23,2,4,5,11,"At Risk"
CU-102340,"Robert Gonzalez",Corporate,561,1,932.50,2,4,5,11,"At Risk"
CU-100496,"David Miller",Consumer,710,1,920.80,2,4,5,11,"At Risk"
CU-102547,"Lisa Smith","Home Office",499,1,916.74,2,4,5,11,"At Risk"
CU-102639,"William Lopez",Consumer,641,1,916.06,2,4,5,11,"At Risk"
CU-100225,"Sarah Jones",Corporate,256,2,897.90,4,2,5,11,"New Customer"
CU-101833,"Jennifer Anderson",Consumer,545,1,882.95,2,4,5,11,"At Risk"
CU-102413,"Emma Miller",Consumer,692,1,879.53,2,4,5,11,"At Risk"
CU-102861,"Linda Anderson",Consumer,710,1,860.34,2,4,5,11,"At Risk"
CU-100029,"John Martinez",Corporate,606,1,815.81,2,4,5,11,"At Risk"
CU-102492,"Richard Smith","Home Office",681,1,808.86,2,4,5,11,"At Risk"
CU-101323,"James Hernandez","Home Office",673,1,778.63,2,4,5,11,"At Risk"
CU-100491,"Elizabeth Smith",Corporate,526,1,748.62,2,4,5,11,"At Risk"
CU-100289,"John Davis",Consumer,490,1,747.05,2,4,5,11,"At Risk"
CU-100979,"James Miller",Corporate,527,1,742.61,2,4,5,11,"At Risk"
CU-100546,"Linda Johnson",Consumer,721,1,731.30,2,4,5,11,"At Risk"
CU-100114,"Joseph Miller",Consumer,623,1,722.88,2,4,5,11,"At Risk"
CU-101458,"Richard Johnson",Consumer,615,1,644.22,2,4,5,11,"At Risk"
CU-101064,"Jennifer Jones",Consumer,503,1,637.34,2,4,5,11,"At Risk"
CU-102352,"Emma Brown",Consumer,721,1,631.76,2,4,5,11,"At Risk"
CU-100308,"Emma Gonzalez",Corporate,684,1,617.01,2,4,5,11,"At Risk"
CU-102037,"Sarah Brown",Consumer,536,1,574.08,2,4,5,11,"At Risk"
CU-100795,"Jennifer Hernandez","Home Office",667,1,525.76,2,4,5,11,"At Risk"
CU-101552,"Linda Garcia",Consumer,723,1,504.86,2,4,5,11,"At Risk"
CU-100039,"Michael Anderson",Consumer,682,1,496.63,2,4,5,11,"At Risk"
CU-100139,"Jennifer Wilson",Consumer,620,1,443.44,2,4,5,11,"At Risk"
CU-102554,"James Williams","Home Office",502,1,393.09,2,4,5,11,"At Risk"
CU-102711,"John Williams",Corporate,575,1,358.59,2,4,5,11,"At Risk"
CU-102344,"John Davis","Home Office",621,1,355.74,2,4,5,11,"At Risk"
CU-102063,"Elizabeth Gonzalez",Consumer,516,1,337.69,2,4,5,11,"At Risk"
CU-100024,"William Rodriguez",Consumer,653,1,323.80,2,4,5,11,"At Risk"
CU-100592,"Richard Miller",Consumer,736,1,321.35,2,4,5,11,"At Risk"
CU-101135,"Michael Brown",Corporate,738,1,318.56,2,4,5,11,"At Risk"
CU-100174,"Michael Martinez",Consumer,680,1,316.71,2,4,5,11,"At Risk"
CU-101027,"Emma Lopez",Corporate,659,1,300.98,2,4,5,11,"At Risk"
CU-102597,"Mary Anderson","Home Office",677,1,291.71,2,4,5,11,"At Risk"
CU-101966,"Lisa Johnson",Corporate,660,1,276.77,2,4,5,11,"At Risk"
CU-101921,"Linda Gonzalez",Consumer,658,1,239.45,2,4,5,11,"At Risk"
CU-101676,"David Williams",Consumer,663,1,229.86,2,4,5,11,"At Risk"
CU-102580,"Richard Johnson","Home Office",543,1,222.33,2,4,5,11,"At Risk"
CU-100544,"Mary Davis",Corporate,645,1,174.80,2,4,5,11,"At Risk"
CU-101669,"Emma Davis","Home Office",692,1,133.37,2,4,5,11,"At Risk"
CU-100646,"William Brown",Consumer,710,1,133.06,2,4,5,11,"At Risk"
CU-101246,"Mary Anderson",Consumer,530,1,102.94,2,4,5,11,"At Risk"
CU-101617,"Patricia Lopez","Home Office",499,1,99.02,2,4,5,11,"At Risk"
CU-102548,"Robert Smith",Corporate,696,1,71.28,2,4,5,11,"At Risk"
CU-101255,"Joseph Smith",Consumer,191,1,10614.25,4,5,1,10,Potential
CU-100394,"Mary Hernandez",Corporate,230,1,9317.10,4,5,1,10,Potential
CU-102833,"John Wilson","Home Office",61,2,8736.94,5,3,2,10,Potential
CU-102578,"Robert Gonzalez","Home Office",348,1,8551.68,3,5,2,10,Potential
CU-102919,"Michael Wilson","Home Office",4,2,8537.68,5,3,2,10,Potential
CU-100619,"James Wilson",Corporate,54,2,8414.93,5,3,2,10,Potential
CU-102749,"Mary Gonzalez",Corporate,70,2,8413.58,5,3,2,10,Potential
CU-101812,"Mary Garcia",Consumer,111,2,8388.44,5,3,2,10,Potential
CU-102294,"Michael Garcia","Home Office",97,2,8347.92,5,3,2,10,Potential
CU-100373,"William Lopez",Corporate,2,2,8322.17,5,3,2,10,Potential
CU-101959,"John Williams",Corporate,45,2,8277.08,5,3,2,10,Potential
CU-100567,"Linda Rodriguez",Consumer,28,2,8240.64,5,3,2,10,Potential
CU-102647,"John Martinez",Corporate,37,2,8152.19,5,3,2,10,Potential
CU-102570,"Richard Lopez",Consumer,20,2,8044.12,5,3,2,10,Potential
CU-100872,"Lisa Lopez","Home Office",98,2,7987.76,5,3,2,10,Potential
CU-102599,"Emma Davis",Consumer,66,2,7945.52,5,3,2,10,Potential
CU-102081,"Mary Garcia",Corporate,75,2,7913.70,5,3,2,10,Potential
CU-102135,"William Williams",Corporate,119,2,7881.48,5,3,2,10,Potential
CU-102555,"Joseph Hernandez","Home Office",3,2,7697.07,5,3,2,10,Potential
CU-100601,"Emma Martinez",Consumer,32,2,7546.05,5,3,2,10,Potential
CU-101082,"Elizabeth Hernandez",Corporate,347,1,7503.23,3,5,2,10,Potential
CU-100089,"Robert Jones",Consumer,23,2,7393.56,5,3,2,10,Potential
CU-101045,"David Lopez",Consumer,115,2,7362.36,5,3,2,10,Potential
CU-102293,"David Jones",Corporate,27,2,7353.95,5,3,2,10,Potential
CU-100733,"James Jones",Consumer,77,2,7237.35,5,3,2,10,Potential
CU-101877,"Mary Martinez",Consumer,33,2,7202.92,5,3,2,10,Potential
CU-100160,"David Gonzalez","Home Office",2,2,7196.17,5,3,2,10,Potential
CU-102898,"David Garcia","Home Office",10,2,7187.82,5,3,2,10,Potential
CU-102744,"John Garcia",Corporate,27,2,7122.54,5,3,2,10,Potential
CU-102122,"Elizabeth Hernandez","Home Office",2,2,7119.27,5,3,2,10,Potential
CU-100524,"William Gonzalez",Corporate,72,2,7078.24,5,3,2,10,Potential
CU-102723,"William Williams",Corporate,359,1,7076.90,3,5,2,10,Potential
CU-102053,"James Gonzalez",Corporate,284,1,7043.65,3,5,2,10,Potential
CU-101652,"Linda Rodriguez",Consumer,14,2,7034.11,5,3,2,10,Potential
CU-102478,"Jennifer Lopez",Corporate,61,2,7003.67,5,3,2,10,Potential
CU-101236,"Richard Hernandez","Home Office",93,2,6986.26,5,3,2,10,Potential
CU-102637,"Mary Wilson","Home Office",39,2,6968.19,5,3,2,10,Potential
CU-102285,"Elizabeth Hernandez",Consumer,112,2,6963.75,5,3,2,10,Potential
CU-101774,"Lisa Wilson","Home Office",110,2,6925.62,5,3,2,10,Potential
CU-101491,"John Johnson",Consumer,351,1,6881.21,3,5,2,10,Potential
CU-100515,"Sarah Wilson",Consumer,18,2,6864.47,5,3,2,10,Potential
CU-102990,"Patricia Johnson","Home Office",289,1,6855.33,3,5,2,10,Potential
CU-102789,"Joseph Hernandez",Corporate,45,2,6853.56,5,3,2,10,Potential
CU-100350,"Joseph Lopez",Corporate,371,1,6825.93,3,5,2,10,Potential
CU-100118,"Jennifer Jones",Corporate,55,2,6785.23,5,3,2,10,Potential
CU-102830,"James Davis",Corporate,41,2,6757.87,5,3,2,10,Potential
CU-100922,"Lisa Rodriguez",Consumer,289,1,6736.40,3,5,2,10,Potential
CU-100932,"James Garcia",Consumer,44,2,6729.20,5,3,2,10,Potential
CU-102450,"Jennifer Wilson","Home Office",86,2,6713.54,5,3,2,10,Potential
CU-100264,"David Hernandez",Corporate,31,2,6705.75,5,3,2,10,Potential
CU-100623,"John Miller",Consumer,79,2,6660.07,5,3,2,10,Potential
CU-102031,"William Wilson",Consumer,75,2,6644.84,5,3,2,10,Potential
CU-102539,"Elizabeth Garcia",Consumer,77,2,6583.87,5,3,2,10,Potential
CU-102134,"Sarah Hernandez",Consumer,66,2,6582.41,5,3,2,10,Potential
CU-102399,"Patricia Williams","Home Office",3,2,6561.06,5,3,2,10,Potential
CU-101991,"Linda Gonzalez",Consumer,31,2,6504.75,5,3,2,10,Potential
CU-100644,"Linda Garcia","Home Office",18,2,6481.69,5,3,2,10,Potential
CU-101555,"Robert Smith",Consumer,424,1,6471.43,3,5,2,10,Potential
CU-100606,"Patricia Wilson","Home Office",289,1,6464.67,3,5,2,10,Potential
CU-101927,"Jennifer Brown","Home Office",349,1,6431.81,3,5,2,10,Potential
CU-100436,"Mary Lopez",Consumer,318,1,6375.17,3,5,2,10,Potential
CU-102461,"Elizabeth Smith",Corporate,454,1,6340.91,3,5,2,10,Potential
CU-100068,"Mary Martinez",Consumer,409,1,6332.23,3,5,2,10,Potential
CU-102750,"John Williams","Home Office",118,2,6331.65,5,3,2,10,Potential
CU-102055,"John Hernandez","Home Office",31,2,6262.12,5,3,2,10,Potential
CU-101626,"William Martinez","Home Office",96,2,6259.38,5,3,2,10,Potential
CU-101464,"Mary Miller",Consumer,64,2,6235.92,5,3,2,10,Potential
CU-102086,"Linda Lopez",Corporate,73,2,6218.47,5,3,2,10,Potential
CU-101114,"Linda Lopez",Consumer,77,2,6217.98,5,3,2,10,Potential
CU-101470,"Lisa Smith",Corporate,348,1,6192.79,3,5,2,10,Potential
CU-101157,"Richard Rodriguez","Home Office",327,1,6165.14,3,5,2,10,Potential
CU-102307,"John Garcia","Home Office",44,2,6138.88,5,3,2,10,Potential
CU-100956,"John Rodriguez",Consumer,28,2,6105.00,5,3,2,10,Potential
CU-101436,"Joseph Jones",Corporate,90,2,6023.26,5,3,2,10,Potential
CU-100230,"Michael Williams",Consumer,115,2,5985.30,5,3,2,10,Potential
CU-101205,"John Martinez",Corporate,0,2,5961.79,5,3,2,10,Potential
CU-100798,"Lisa Hernandez",Corporate,216,2,5864.17,4,3,3,10,Loyal
CU-102535,"David Lopez",Consumer,221,2,5679.55,4,3,3,10,Loyal
CU-100191,"David Davis","Home Office",135,2,5662.33,4,3,3,10,Loyal
CU-101474,"William Hernandez","Home Office",128,2,5631.21,4,3,3,10,Loyal
CU-102648,"Elizabeth Miller",Consumer,170,2,5607.18,4,3,3,10,Loyal
CU-101379,"Elizabeth Williams",Consumer,481,1,5529.34,3,4,3,10,Loyal
CU-101201,"David Williams","Home Office",126,2,5305.63,4,3,3,10,Loyal
CU-100233,"Patricia Johnson","Home Office",474,1,5226.48,3,4,3,10,Loyal
CU-100761,"Patricia Anderson",Corporate,189,2,5187.59,4,3,3,10,Loyal
CU-100748,"David Gonzalez","Home Office",466,1,5101.06,3,4,3,10,Loyal
CU-100735,"Michael Garcia","Home Office",465,1,4998.47,3,4,3,10,Loyal
CU-100058,"Michael Miller","Home Office",151,2,4983.40,4,3,3,10,Loyal
CU-100869,"Joseph Davis","Home Office",210,2,4971.58,4,3,3,10,Loyal
CU-102068,"Michael Garcia",Consumer,168,2,4969.42,4,3,3,10,Loyal
CU-100698,"Patricia Brown",Consumer,210,2,4814.18,4,3,3,10,Loyal
CU-101440,"David Davis",Corporate,124,2,4730.27,4,3,3,10,Loyal
CU-101596,"Linda Wilson",Consumer,211,2,4704.74,4,3,3,10,Loyal
CU-100965,"Michael Brown",Corporate,206,2,4697.37,4,3,3,10,Loyal
CU-100959,"Jennifer Miller",Corporate,198,2,4693.95,4,3,3,10,Loyal
CU-100791,"David Rodriguez",Consumer,164,2,4667.51,4,3,3,10,Loyal
CU-102666,"Robert Lopez","Home Office",136,2,4642.27,4,3,3,10,Loyal
CU-100688,"Jennifer Garcia",Corporate,479,1,4630.75,3,4,3,10,Loyal
CU-101105,"Elizabeth Brown",Consumer,222,2,4585.29,4,3,3,10,Loyal
CU-102054,"Richard Davis","Home Office",161,2,4461.24,4,3,3,10,Loyal
CU-101317,"William Williams","Home Office",124,2,4379.55,4,3,3,10,Loyal
CU-101128,"Lisa Davis","Home Office",171,2,4280.01,4,3,3,10,Loyal
CU-100284,"Robert Jones",Consumer,154,2,4260.38,4,3,3,10,Loyal
CU-102512,"Robert Gonzalez",Corporate,187,2,4237.28,4,3,3,10,Loyal
CU-102702,"John Brown","Home Office",196,2,4182.16,4,3,3,10,Loyal
CU-101769,"David Hernandez",Consumer,131,2,4153.09,4,3,3,10,Loyal
CU-102003,"Richard Smith",Corporate,30,3,3941.30,5,1,4,10,"New Customer"
CU-102065,"John Martinez",Consumer,719,1,3935.27,2,4,4,10,"At Risk"
CU-100188,"John Hernandez","Home Office",584,1,3917.88,2,4,4,10,"At Risk"
CU-101969,"Sarah Jones",Consumer,63,3,3915.99,5,1,4,10,"New Customer"
CU-102243,"Lisa Lopez",Corporate,486,1,3851.65,2,4,4,10,"At Risk"
CU-101148,"John Garcia","Home Office",533,1,3818.44,2,4,4,10,"At Risk"
CU-101720,"Linda Wilson",Consumer,579,1,3782.23,2,4,4,10,"At Risk"
CU-101737,"Lisa Lopez",Consumer,31,3,3771.29,5,1,4,10,"New Customer"
CU-101798,"Michael Smith",Consumer,69,3,3771.11,5,1,4,10,"New Customer"
CU-100850,"Patricia Hernandez","Home Office",116,3,3752.67,5,1,4,10,"New Customer"
CU-101163,"Jennifer Rodriguez",Corporate,536,1,3746.47,2,4,4,10,"At Risk"
CU-101986,"Emma Miller","Home Office",571,1,3733.95,2,4,4,10,"At Risk"
CU-100376,"James Hernandez",Corporate,547,1,3686.39,2,4,4,10,"At Risk"
CU-102207,"David Smith","Home Office",61,3,3657.29,5,1,4,10,"New Customer"
CU-101430,"Mary Martinez",Consumer,665,1,3560.46,2,4,4,10,"At Risk"
CU-101258,"Mary Garcia",Consumer,488,1,3552.03,2,4,4,10,"At Risk"
CU-101079,"Joseph Lopez",Consumer,580,1,3540.91,2,4,4,10,"At Risk"
CU-101830,"Lisa Rodriguez","Home Office",269,2,3521.44,4,2,4,10,"New Customer"
CU-101544,"Robert Garcia",Consumer,721,1,3514.61,2,4,4,10,"At Risk"
CU-100729,"Sarah Miller",Corporate,495,1,3495.96,2,4,4,10,"At Risk"
CU-100119,"Richard Garcia","Home Office",95,3,3480.62,5,1,4,10,"New Customer"
CU-102280,"William Johnson",Consumer,702,1,3477.39,2,4,4,10,"At Risk"
CU-100862,"Joseph Johnson",Consumer,739,1,3446.12,2,4,4,10,"At Risk"
CU-100846,"David Davis",Corporate,234,2,3438.60,4,2,4,10,"New Customer"
CU-101240,"Mary Williams",Consumer,594,1,3431.74,2,4,4,10,"At Risk"
CU-100543,"James Garcia",Consumer,691,1,3431.31,2,4,4,10,"At Risk"
CU-100180,"James Miller","Home Office",601,1,3392.08,2,4,4,10,"At Risk"
CU-102232,"Elizabeth Johnson",Corporate,244,2,3327.86,4,2,4,10,"New Customer"
CU-101629,"Sarah Lopez",Consumer,584,1,3326.35,2,4,4,10,"At Risk"
CU-102046,"Emma Hernandez","Home Office",108,3,3326.02,5,1,4,10,"New Customer"
CU-102012,"Robert Brown","Home Office",58,3,3278.75,5,1,4,10,"New Customer"
CU-102394,"Lisa Miller",Corporate,729,1,3264.99,2,4,4,10,"At Risk"
CU-101931,"David Johnson",Consumer,534,1,3241.33,2,4,4,10,"At Risk"
CU-101421,"Robert Anderson",Corporate,536,1,3203.38,2,4,4,10,"At Risk"
CU-102878,"Patricia Davis",Corporate,660,1,3196.89,2,4,4,10,"At Risk"
CU-101078,"Joseph Brown","Home Office",586,1,3176.14,2,4,4,10,"At Risk"
CU-102250,"Lisa Martinez",Corporate,488,1,3153.63,2,4,4,10,"At Risk"
CU-102737,"William Rodriguez","Home Office",595,1,3141.38,2,4,4,10,"At Risk"
CU-101307,"William Smith","Home Office",267,2,3139.79,4,2,4,10,"New Customer"
CU-102672,"Joseph Wilson","Home Office",604,1,3139.61,2,4,4,10,"At Risk"
CU-100412,"William Wilson","Home Office",591,1,3129.61,2,4,4,10,"At Risk"
CU-102584,"Linda Brown","Home Office",591,1,3112.13,2,4,4,10,"At Risk"
CU-102582,"Robert Williams","Home Office",488,1,3096.13,2,4,4,10,"At Risk"
CU-100117,"Linda Rodriguez","Home Office",671,1,3090.50,2,4,4,10,"At Risk"
CU-101076,"Elizabeth Williams",Consumer,627,1,3059.68,2,4,4,10,"At Risk"
CU-101933,"Lisa Lopez",Consumer,537,1,3022.92,2,4,4,10,"At Risk"
CU-101048,"Richard Rodriguez",Consumer,674,1,3020.85,2,4,4,10,"At Risk"
CU-101342,"James Anderson",Corporate,39,3,2965.07,5,1,4,10,"New Customer"
CU-102900,"Jennifer Rodriguez",Consumer,486,1,2943.98,2,4,4,10,"At Risk"
CU-100049,"John Johnson",Consumer,710,1,2937.41,2,4,4,10,"At Risk"
CU-101385,"Robert Lopez","Home Office",634,1,2930.47,2,4,4,10,"At Risk"
CU-101501,"Sarah Johnson",Corporate,539,1,2928.54,2,4,4,10,"At Risk"
CU-102375,"Lisa Jones","Home Office",682,1,2886.38,2,4,4,10,"At Risk"
CU-100082,"Joseph Garcia",Corporate,540,1,2877.41,2,4,4,10,"At Risk"
CU-100079,"John Williams","Home Office",653,1,2870.85,2,4,4,10,"At Risk"
CU-101290,"David Hernandez",Corporate,596,1,2865.88,2,4,4,10,"At Risk"
CU-101588,"Richard Anderson",Corporate,620,1,2863.06,2,4,4,10,"At Risk"
CU-100067,"William Johnson",Consumer,649,1,2821.90,2,4,4,10,"At Risk"
CU-100033,"Elizabeth Rodriguez",Consumer,555,1,2817.97,2,4,4,10,"At Risk"
CU-100245,"John Smith",Corporate,700,1,2762.04,2,4,4,10,"At Risk"
CU-100663,"Richard Anderson",Consumer,536,1,2716.00,2,4,4,10,"At Risk"
CU-101893,"Sarah Smith",Corporate,522,1,2679.87,2,4,4,10,"At Risk"
CU-100651,"Linda Lopez",Consumer,683,1,2658.93,2,4,4,10,"At Risk"
CU-101414,"Patricia Garcia",Consumer,684,1,2609.93,2,4,4,10,"At Risk"
CU-100652,"Michael Anderson",Corporate,507,1,2588.36,2,4,4,10,"At Risk"
CU-100349,"David Smith",Corporate,232,2,2587.35,4,2,4,10,"New Customer"
CU-102572,"William Rodriguez",Consumer,691,1,2569.11,2,4,4,10,"At Risk"
CU-100611,"David Lopez",Consumer,636,1,2564.34,2,4,4,10,"At Risk"
CU-100028,"Robert Williams",Corporate,540,1,2554.65,2,4,4,10,"At Risk"
CU-102013,"Patricia Lopez","Home Office",506,1,2553.28,2,4,4,10,"At Risk"
CU-100540,"Lisa Hernandez","Home Office",676,1,2548.42,2,4,4,10,"At Risk"
CU-102895,"Jennifer Johnson",Corporate,514,1,2538.41,2,4,4,10,"At Risk"
CU-102712,"Richard Hernandez",Corporate,513,1,2511.95,2,4,4,10,"At Risk"
CU-100328,"Sarah Hernandez",Corporate,564,1,2481.30,2,4,4,10,"At Risk"
CU-102133,"Linda Anderson","Home Office",583,1,2457.59,2,4,4,10,"At Risk"
CU-102447,"Sarah Martinez","Home Office",678,1,2455.58,2,4,4,10,"At Risk"
CU-101156,"John Jones","Home Office",516,1,2450.19,2,4,4,10,"At Risk"
CU-102856,"Michael Martinez",Consumer,621,1,2429.05,2,4,4,10,"At Risk"
CU-102202,"William Johnson","Home Office",660,1,2423.55,2,4,4,10,"At Risk"
CU-100016,"Sarah Brown",Consumer,278,2,2355.47,4,2,4,10,"New Customer"
CU-100090,"Robert Garcia",Corporate,506,1,2328.81,2,4,4,10,"At Risk"
CU-101761,"John Smith",Corporate,560,1,2327.29,2,4,4,10,"At Risk"
CU-100307,"Elizabeth Rodriguez",Consumer,710,1,2293.11,2,4,4,10,"At Risk"
CU-102626,"Linda Martinez","Home Office",625,1,2288.43,2,4,4,10,"At Risk"
CU-100479,"David Lopez",Consumer,512,1,2263.44,2,4,4,10,"At Risk"
CU-102261,"Jennifer Gonzalez",Corporate,489,1,2248.53,2,4,4,10,"At Risk"
CU-101012,"Robert Wilson",Consumer,741,1,2205.73,2,4,4,10,"At Risk"
CU-100750,"Sarah Wilson",Corporate,639,1,2196.34,2,4,4,10,"At Risk"
CU-102132,"James Johnson","Home Office",564,1,2191.86,2,4,4,10,"At Risk"
CU-101667,"Sarah Rodriguez",Consumer,510,1,2156.86,2,4,4,10,"At Risk"
CU-101400,"Linda Smith",Consumer,726,1,2129.63,2,4,4,10,"At Risk"
CU-101036,"Patricia Wilson","Home Office",573,1,2121.19,2,4,4,10,"At Risk"
CU-102411,"Sarah Anderson",Consumer,572,1,2118.91,2,4,4,10,"At Risk"
CU-101324,"John Hernandez",Consumer,526,1,2087.01,2,4,4,10,"At Risk"
CU-102479,"John Davis",Consumer,536,1,2081.92,2,4,4,10,"At Risk"
CU-101023,"William Brown",Corporate,549,1,2072.95,2,4,4,10,"At Risk"
CU-100504,"Jennifer Rodriguez",Corporate,244,3,2054.05,4,1,5,10,"New Customer"
CU-101768,"Robert Davis","Home Office",769,1,1985.42,1,4,5,10,"At Risk"
CU-102538,"William Gonzalez",Consumer,828,1,1934.16,1,4,5,10,"At Risk"
CU-101177,"Jennifer Brown","Home Office",413,2,1931.98,3,2,5,10,Potential
CU-101868,"Elizabeth Johnson",Corporate,884,1,1812.03,1,4,5,10,"At Risk"
CU-101712,"James Brown","Home Office",878,1,1744.34,1,4,5,10,"At Risk"
CU-100185,"Patricia Martinez",Corporate,781,1,1730.93,1,4,5,10,"At Risk"
CU-102818,"Emma Gonzalez",Consumer,751,1,1687.39,1,4,5,10,"At Risk"
CU-100056,"Michael Wilson",Consumer,321,2,1674.33,3,2,5,10,Potential
CU-101513,"William Davis",Corporate,895,1,1663.39,1,4,5,10,"At Risk"
CU-100899,"Patricia Johnson","Home Office",774,1,1662.38,1,4,5,10,"At Risk"
CU-100823,"Linda Davis",Corporate,778,1,1606.45,1,4,5,10,"At Risk"
CU-100324,"Mary Gonzalez","Home Office",760,1,1583.64,1,4,5,10,"At Risk"
CU-100656,"Patricia Williams","Home Office",794,1,1509.82,1,4,5,10,"At Risk"
CU-102930,"Michael Smith",Corporate,358,2,1472.21,3,2,5,10,Potential
CU-101329,"Michael Wilson","Home Office",876,1,1460.01,1,4,5,10,"At Risk"
CU-100034,"Linda Brown","Home Office",870,1,1445.66,1,4,5,10,"At Risk"
CU-102893,"Linda Smith","Home Office",841,1,1444.93,1,4,5,10,"At Risk"
CU-102954,"Linda Hernandez",Consumer,751,1,1426.86,1,4,5,10,"At Risk"
CU-100175,"William Smith",Consumer,760,1,1374.66,1,4,5,10,"At Risk"
CU-100182,"Michael Garcia",Corporate,859,1,1363.12,1,4,5,10,"At Risk"
CU-100772,"Mary Lopez","Home Office",888,1,1347.58,1,4,5,10,"At Risk"
CU-102403,"Emma Wilson",Corporate,855,1,1331.91,1,4,5,10,"At Risk"
CU-100919,"Michael Garcia","Home Office",774,1,1282.62,1,4,5,10,"At Risk"
CU-101206,"Elizabeth Davis",Corporate,871,1,1270.86,1,4,5,10,"At Risk"
CU-100886,"Sarah Garcia",Corporate,783,1,1208.88,1,4,5,10,"At Risk"
CU-101189,"Sarah Brown",Corporate,300,2,1207.67,3,2,5,10,Potential
CU-102161,"Patricia Anderson",Consumer,872,1,1201.04,1,4,5,10,"At Risk"
CU-101705,"Mary Brown",Consumer,763,1,1189.69,1,4,5,10,"At Risk"
CU-101573,"Jennifer Wilson",Corporate,857,1,1189.48,1,4,5,10,"At Risk"
CU-100513,"Lisa Lopez",Corporate,897,1,1165.42,1,4,5,10,"At Risk"
CU-102956,"Linda Gonzalez",Consumer,868,1,1116.87,1,4,5,10,"At Risk"
CU-100621,"Sarah Johnson","Home Office",852,1,1087.61,1,4,5,10,"At Risk"
CU-101637,"Linda Gonzalez",Corporate,762,1,1082.67,1,4,5,10,"At Risk"
CU-102505,"Patricia Johnson",Consumer,776,1,1063.01,1,4,5,10,"At Risk"
CU-101486,"Elizabeth Gonzalez",Corporate,748,1,1034.49,1,4,5,10,"At Risk"
CU-101120,"William Garcia",Corporate,797,1,1011.86,1,4,5,10,"At Risk"
CU-102945,"William Anderson",Corporate,754,1,1011.36,1,4,5,10,"At Risk"
CU-102171,"Linda Martinez","Home Office",846,1,979.56,1,4,5,10,"At Risk"
CU-100288,"Richard Wilson","Home Office",829,1,941.60,1,4,5,10,"At Risk"
CU-100184,"Joseph Miller",Consumer,795,1,797.56,1,4,5,10,"At Risk"
CU-102831,"Linda Smith",Corporate,759,1,749.66,1,4,5,10,"At Risk"
CU-102803,"Joseph Martinez","Home Office",786,1,739.79,1,4,5,10,"At Risk"
CU-101606,"Sarah Martinez",Consumer,847,1,643.71,1,4,5,10,"At Risk"
CU-100782,"Linda Rodriguez",Consumer,855,1,642.50,1,4,5,10,"At Risk"
CU-102988,"John Rodriguez",Corporate,794,1,566.88,1,4,5,10,"At Risk"
CU-102671,"Michael Davis",Corporate,437,2,550.74,3,2,5,10,Potential
CU-102156,"John Anderson",Consumer,899,1,512.59,1,4,5,10,"At Risk"
CU-100497,"James Hernandez",Consumer,845,1,494.41,1,4,5,10,"At Risk"
CU-100845,"Lisa Martinez",Corporate,876,1,479.54,1,4,5,10,"At Risk"
CU-101881,"Mary Hernandez",Corporate,772,1,470.58,1,4,5,10,"At Risk"
CU-101968,"Jennifer Davis",Corporate,757,1,363.60,1,4,5,10,"At Risk"
CU-100881,"Elizabeth Martinez","Home Office",828,1,283.13,1,4,5,10,"At Risk"
CU-100936,"John Garcia",Consumer,818,1,197.86,1,4,5,10,"At Risk"
CU-100091,"James Hernandez",Consumer,791,1,86.22,1,4,5,10,"At Risk"
CU-100015,"Joseph Miller",Corporate,52,2,16317.81,5,3,1,9,Potential
CU-101051,"David Williams","Home Office",41,2,13898.31,5,3,1,9,Potential
CU-101059,"Mary Davis","Home Office",101,2,13745.91,5,3,1,9,Potential
CU-100311,"Linda Gonzalez",Corporate,67,2,13417.93,5,3,1,9,Potential
CU-102534,"Joseph Lopez",Corporate,64,2,13268.88,5,3,1,9,Potential
CU-102849,"Lisa Garcia",Corporate,4,2,12916.40,5,3,1,9,Potential
CU-102318,"John Johnson",Corporate,23,2,12399.44,5,3,1,9,Potential
CU-100458,"Mary Martinez","Home Office",54,2,12305.66,5,3,1,9,Potential
CU-101001,"Mary Garcia",Consumer,36,2,11812.16,5,3,1,9,Potential
CU-101507,"David Miller",Corporate,42,2,11563.15,5,3,1,9,Potential
CU-101782,"Robert Hernandez","Home Office",79,2,10990.48,5,3,1,9,Potential
CU-100737,"Sarah Johnson",Corporate,24,2,10777.99,5,3,1,9,Potential
CU-100073,"John Johnson",Consumer,61,2,10710.57,5,3,1,9,Potential
CU-100859,"Mary Anderson","Home Office",14,2,10487.11,5,3,1,9,Potential
CU-100050,"Elizabeth Davis",Consumer,109,2,10459.23,5,3,1,9,Potential
CU-101221,"Lisa Anderson","Home Office",37,2,10388.42,5,3,1,9,Potential
CU-101101,"Elizabeth Gonzalez","Home Office",51,2,10339.79,5,3,1,9,Potential
CU-102565,"Jennifer Anderson",Corporate,67,2,10330.46,5,3,1,9,Potential
CU-101741,"William Gonzalez",Consumer,39,2,10283.29,5,3,1,9,Potential
CU-100974,"Elizabeth Gonzalez",Corporate,66,2,10232.92,5,3,1,9,Potential
CU-102503,"Jennifer Smith","Home Office",39,2,10168.09,5,3,1,9,Potential
CU-102897,"John Jones",Corporate,24,2,10077.05,5,3,1,9,Potential
CU-102204,"John Garcia",Corporate,25,2,9892.51,5,3,1,9,Potential
CU-102270,"Linda Williams","Home Office",78,2,9868.02,5,3,1,9,Potential
CU-100626,"Richard Hernandez",Corporate,90,2,9708.02,5,3,1,9,Potential
CU-101345,"Patricia Garcia","Home Office",106,2,9672.06,5,3,1,9,Potential
CU-102486,"James Lopez","Home Office",52,2,9399.95,5,3,1,9,Potential
CU-101561,"Patricia Hernandez","Home Office",56,2,9368.38,5,3,1,9,Potential
CU-100653,"Sarah Jones","Home Office",12,2,9354.79,5,3,1,9,Potential
CU-102630,"Richard Garcia","Home Office",116,2,9282.47,5,3,1,9,Potential
CU-102214,"Elizabeth Johnson",Consumer,375,1,9259.77,3,5,1,9,Potential
CU-101449,"Richard Brown",Corporate,84,2,9235.68,5,3,1,9,Potential
CU-102093,"Elizabeth Jones",Corporate,81,2,9213.48,5,3,1,9,Potential
CU-102104,"William Garcia",Corporate,69,2,9207.55,5,3,1,9,Potential
CU-100452,"Joseph Hernandez",Corporate,104,2,9180.20,5,3,1,9,Potential
CU-101455,"Lisa Gonzalez","Home Office",99,2,9174.96,5,3,1,9,Potential
CU-102103,"Linda Hernandez",Consumer,91,2,9101.94,5,3,1,9,Potential
CU-102929,"William Lopez","Home Office",48,2,9096.17,5,3,1,9,Potential
CU-102541,"Sarah Wilson","Home Office",110,2,9051.66,5,3,1,9,Potential
CU-100721,"Lisa Lopez","Home Office",88,2,8978.29,5,3,1,9,Potential
CU-100650,"James Miller","Home Office",96,2,8764.52,5,3,1,9,Potential
CU-100239,"Linda Martinez","Home Office",159,2,8645.60,4,3,2,9,Potential
CU-101743,"Sarah Davis",Consumer,185,2,8509.89,4,3,2,9,Potential
CU-100852,"Elizabeth Wilson",Corporate,473,1,8353.11,3,4,2,9,Potential
CU-101378,"Sarah Brown",Consumer,217,2,7995.58,4,3,2,9,Potential
CU-100323,"Sarah Miller",Corporate,121,2,7977.68,4,3,2,9,Potential
CU-102064,"David Davis",Corporate,122,2,7976.26,4,3,2,9,Potential
CU-100561,"Robert Martinez","Home Office",217,2,7925.36,4,3,2,9,Potential
CU-101943,"David Anderson",Consumer,159,2,7916.57,4,3,2,9,Potential
CU-102970,"Michael Johnson","Home Office",203,2,7892.76,4,3,2,9,Potential
CU-102441,"Linda Martinez","Home Office",204,2,7889.50,4,3,2,9,Potential
CU-102610,"Linda Lopez",Consumer,161,2,7768.76,4,3,2,9,Potential
CU-101634,"Patricia Hernandez",Consumer,464,1,7765.60,3,4,2,9,Potential
CU-101475,"Patricia Wilson",Consumer,158,2,7729.92,4,3,2,9,Potential
CU-100967,"William Williams","Home Office",196,2,7715.42,4,3,2,9,Potential
CU-101088,"Elizabeth Johnson","Home Office",152,2,7652.94,4,3,2,9,Potential
CU-100739,"Mary Brown",Consumer,178,2,7459.84,4,3,2,9,Potential
CU-100319,"Robert Garcia",Corporate,135,2,7379.62,4,3,2,9,Potential
CU-102220,"Elizabeth Smith",Corporate,144,2,7274.15,4,3,2,9,Potential
CU-102965,"Robert Jones","Home Office",153,2,7230.97,4,3,2,9,Potential
CU-102526,"David Martinez",Corporate,153,2,7178.81,4,3,2,9,Potential
CU-100765,"Elizabeth Anderson",Corporate,151,2,6990.01,4,3,2,9,Potential
CU-100923,"Mary Hernandez",Consumer,167,2,6965.10,4,3,2,9,Potential
CU-101823,"Mary Davis",Consumer,123,2,6879.30,4,3,2,9,Potential
CU-101298,"Michael Brown",Corporate,131,2,6778.51,4,3,2,9,Potential
CU-100084,"William Wilson",Consumer,144,2,6674.35,4,3,2,9,Potential
CU-102959,"Joseph Lopez","Home Office",171,2,6633.23,4,3,2,9,Potential
CU-102458,"Sarah Davis","Home Office",177,2,6550.71,4,3,2,9,Potential
CU-101155,"Richard Hernandez",Corporate,178,2,6359.77,4,3,2,9,Potential
CU-100041,"David Lopez","Home Office",473,1,6280.69,3,4,2,9,Potential
CU-100013,"Patricia Garcia",Consumer,215,2,6263.09,4,3,2,9,Potential
CU-101288,"John Johnson","Home Office",184,2,6113.47,4,3,2,9,Potential
CU-101371,"Elizabeth Lopez",Consumer,221,2,6049.43,4,3,2,9,Potential
CU-102844,"Linda Wilson",Consumer,473,1,5988.37,3,4,2,9,Potential
CU-102662,"Michael Johnson",Consumer,269,2,5935.25,4,2,3,9,"New Customer"
CU-102700,"Richard Gonzalez",Corporate,554,1,5923.05,2,4,3,9,"At Risk"
CU-101820,"Elizabeth Lopez",Corporate,100,4,5827.70,5,1,3,9,"New Customer"
CU-101279,"Mary Anderson",Corporate,265,2,5775.29,4,2,3,9,"New Customer"
CU-102806,"Sarah Martinez",Corporate,639,1,5737.88,2,4,3,9,"At Risk"
CU-102014,"Richard Miller","Home Office",563,1,5735.94,2,4,3,9,"At Risk"
CU-102661,"James Davis","Home Office",498,1,5631.95,2,4,3,9,"At Risk"
CU-102717,"Richard Wilson","Home Office",0,3,5600.54,5,1,3,9,"New Customer"
CU-101633,"Mary Davis",Corporate,271,2,5543.26,4,2,3,9,"New Customer"
CU-101518,"Elizabeth Davis","Home Office",487,1,5543.11,2,4,3,9,"At Risk"
CU-101659,"Linda Wilson","Home Office",266,2,5511.82,4,2,3,9,"New Customer"
CU-100142,"Robert Garcia",Corporate,602,1,5443.48,2,4,3,9,"At Risk"
CU-101803,"John Davis",Corporate,509,1,5436.03,2,4,3,9,"At Risk"
CU-101728,"Sarah Anderson",Corporate,656,1,5383.80,2,4,3,9,"At Risk"
CU-100712,"Robert Wilson",Corporate,712,1,5367.33,2,4,3,9,"At Risk"
CU-101457,"Robert Jones",Corporate,249,2,5354.85,4,2,3,9,"New Customer"
CU-100804,"Robert Garcia",Corporate,276,2,5267.69,4,2,3,9,"New Customer"
CU-101848,"Richard Smith",Consumer,699,1,5231.07,2,4,3,9,"At Risk"
CU-100368,"Richard Martinez",Consumer,628,1,5224.09,2,4,3,9,"At Risk"
CU-102528,"William Gonzalez","Home Office",565,1,5162.62,2,4,3,9,"At Risk"
CU-102041,"Joseph Johnson",Corporate,603,1,5149.07,2,4,3,9,"At Risk"
CU-102297,"Emma Martinez","Home Office",47,3,5107.60,5,1,3,9,"New Customer"
CU-100277,"Lisa Garcia",Corporate,23,3,5100.71,5,1,3,9,"New Customer"
CU-101029,"David Davis",Consumer,248,2,5092.16,4,2,3,9,"New Customer"
CU-102228,"Joseph Davis","Home Office",516,1,5085.73,2,4,3,9,"At Risk"
CU-102733,"William Lopez","Home Office",231,2,5064.02,4,2,3,9,"New Customer"
CU-100153,"Patricia Williams",Corporate,76,3,5057.43,5,1,3,9,"New Customer"
CU-100165,"Lisa Brown",Consumer,707,1,5036.79,2,4,3,9,"At Risk"
CU-102590,"Michael Johnson","Home Office",667,1,5022.64,2,4,3,9,"At Risk"
CU-102692,"Joseph Miller",Consumer,261,2,4987.73,4,2,3,9,"New Customer"
CU-101612,"James Miller",Consumer,40,3,4967.24,5,1,3,9,"New Customer"
CU-101167,"Jennifer Martinez",Consumer,497,1,4932.53,2,4,3,9,"At Risk"
CU-101564,"James Garcia","Home Office",531,1,4926.99,2,4,3,9,"At Risk"
CU-102968,"Mary Anderson","Home Office",107,3,4906.76,5,1,3,9,"New Customer"
CU-101690,"Emma Wilson",Consumer,645,1,4877.93,2,4,3,9,"At Risk"
CU-101153,"Lisa Smith",Corporate,506,1,4849.15,2,4,3,9,"At Risk"
CU-100210,"James Gonzalez",Consumer,254,2,4819.75,4,2,3,9,"New Customer"
CU-101069,"James Smith",Consumer,266,2,4818.56,4,2,3,9,"New Customer"
CU-102855,"Elizabeth Jones","Home Office",609,1,4777.64,2,4,3,9,"At Risk"
CU-100746,"Lisa Davis",Consumer,631,1,4763.59,2,4,3,9,"At Risk"
CU-100354,"Sarah Gonzalez","Home Office",83,3,4758.89,5,1,3,9,"New Customer"
CU-101150,"Robert Brown","Home Office",271,2,4736.90,4,2,3,9,"New Customer"
CU-101915,"Mary Gonzalez","Home Office",678,1,4732.93,2,4,3,9,"At Risk"
CU-102306,"Patricia Garcia",Consumer,251,2,4718.09,4,2,3,9,"New Customer"
CU-101432,"Sarah Williams",Corporate,666,1,4680.88,2,4,3,9,"At Risk"
CU-100364,"Linda Jones","Home Office",686,1,4670.74,2,4,3,9,"At Risk"
CU-100406,"Joseph Brown",Consumer,728,1,4654.77,2,4,3,9,"At Risk"
CU-102962,"James Garcia","Home Office",249,2,4654.39,4,2,3,9,"New Customer"
CU-101605,"Richard Hernandez",Corporate,727,1,4633.66,2,4,3,9,"At Risk"
CU-102471,"Michael Johnson",Corporate,694,1,4579.47,2,4,3,9,"At Risk"
CU-101759,"Linda Anderson","Home Office",669,1,4563.10,2,4,3,9,"At Risk"
CU-101264,"Emma Garcia",Corporate,733,1,4495.97,2,4,3,9,"At Risk"
CU-100637,"David Gonzalez",Consumer,543,1,4495.66,2,4,3,9,"At Risk"
CU-102521,"Patricia Rodriguez","Home Office",688,1,4448.80,2,4,3,9,"At Risk"
CU-102913,"Elizabeth Gonzalez","Home Office",609,1,4415.09,2,4,3,9,"At Risk"
CU-101198,"Michael Rodriguez","Home Office",731,1,4414.95,2,4,3,9,"At Risk"
CU-101891,"Michael Hernandez","Home Office",576,1,4408.04,2,4,3,9,"At Risk"
CU-100926,"Michael Jones",Consumer,49,3,4380.64,5,1,3,9,"New Customer"
CU-100814,"Emma Miller","Home Office",245,2,4362.02,4,2,3,9,"New Customer"
CU-102835,"Linda Gonzalez",Corporate,718,1,4360.50,2,4,3,9,"At Risk"
CU-101130,"Sarah Anderson",Corporate,550,1,4306.29,2,4,3,9,"At Risk"
CU-100909,"James Rodriguez",Consumer,494,1,4304.16,2,4,3,9,"At Risk"
CU-101713,"Mary Jones","Home Office",81,3,4298.62,5,1,3,9,"New Customer"
CU-102958,"Jennifer Jones",Corporate,597,1,4217.08,2,4,3,9,"At Risk"
CU-102301,"Patricia Garcia","Home Office",246,2,4187.71,4,2,3,9,"New Customer"
CU-100631,"Jennifer Miller",Consumer,651,1,4151.11,2,4,3,9,"At Risk"
CU-101912,"Richard Hernandez",Corporate,737,1,4096.40,2,4,3,9,"At Risk"
CU-100853,"Elizabeth Garcia",Consumer,260,2,4021.86,4,2,3,9,"New Customer"
CU-100843,"David Lopez","Home Office",607,1,3991.10,2,4,3,9,"At Risk"
CU-101305,"Elizabeth Johnson",Consumer,590,1,3957.96,2,4,3,9,"At Risk"
CU-102656,"Patricia Rodriguez",Consumer,76,3,3946.73,5,1,3,9,"New Customer"
CU-101661,"Linda Smith",Consumer,307,2,3910.06,3,2,4,9,Potential
CU-101866,"David Williams",Corporate,883,1,3808.00,1,4,4,9,"At Risk"
CU-102810,"Michael Brown",Corporate,313,2,3787.25,3,2,4,9,Potential
CU-100249,"Emma Hernandez",Consumer,818,1,3767.08,1,4,4,9,"At Risk"
CU-102180,"Robert Wilson",Consumer,832,1,3744.50,1,4,4,9,"At Risk"
CU-102805,"Jennifer Lopez","Home Office",291,2,3720.84,3,2,4,9,Potential
CU-101314,"William Gonzalez",Consumer,868,1,3713.13,1,4,4,9,"At Risk"
CU-100770,"Joseph Brown",Corporate,422,2,3689.43,3,2,4,9,Potential
CU-101815,"James Brown","Home Office",254,3,3663.13,4,1,4,9,"New Customer"
CU-101532,"Jennifer Hernandez",Corporate,758,1,3660.43,1,4,4,9,"At Risk"
CU-101453,"Mary Davis","Home Office",790,1,3634.86,1,4,4,9,"At Risk"
CU-101438,"Patricia Davis","Home Office",870,1,3546.17,1,4,4,9,"At Risk"
CU-102324,"James Wilson","Home Office",459,2,3453.16,3,2,4,9,Potential
CU-101758,"Patricia Rodriguez",Consumer,444,2,3442.92,3,2,4,9,Potential
CU-100434,"Emma Martinez","Home Office",818,1,3437.12,1,4,4,9,"At Risk"
CU-101318,"Mary Anderson",Corporate,836,1,3432.06,1,4,4,9,"At Risk"
CU-102947,"Elizabeth Brown","Home Office",784,1,3380.34,1,4,4,9,"At Risk"
CU-100306,"Sarah Davis","Home Office",855,1,3380.21,1,4,4,9,"At Risk"
CU-100256,"Emma Davis","Home Office",462,2,3366.59,3,2,4,9,Potential
CU-100104,"Emma Gonzalez",Corporate,835,1,3310.62,1,4,4,9,"At Risk"
CU-101974,"Sarah Garcia",Corporate,435,2,3257.46,3,2,4,9,Potential
CU-100150,"Emma Lopez",Consumer,872,1,3243.44,1,4,4,9,"At Risk"
CU-101238,"Sarah Jones",Corporate,833,1,3241.93,1,4,4,9,"At Risk"
CU-102501,"Emma Hernandez",Consumer,854,1,3202.87,1,4,4,9,"At Risk"
CU-101165,"David Garcia",Corporate,811,1,3147.79,1,4,4,9,"At Risk"
CU-100320,"David Williams",Consumer,339,2,3142.96,3,2,4,9,Potential
CU-102971,"David Lopez",Corporate,838,1,3141.82,1,4,4,9,"At Risk"
CU-101785,"John Lopez","Home Office",830,1,3140.40,1,4,4,9,"At Risk"
CU-100322,"David Williams",Consumer,457,2,3092.03,3,2,4,9,Potential
CU-100136,"Linda Garcia","Home Office",381,2,3038.93,3,2,4,9,Potential
CU-101348,"Lisa Rodriguez",Consumer,835,1,3035.10,1,4,4,9,"At Risk"
CU-100301,"James Williams",Corporate,870,1,3026.86,1,4,4,9,"At Risk"
CU-101898,"Emma Rodriguez","Home Office",767,1,3024.40,1,4,4,9,"At Risk"
CU-100472,"William Wilson",Consumer,757,1,3016.86,1,4,4,9,"At Risk"
CU-100777,"Patricia Davis","Home Office",470,2,3016.60,3,2,4,9,Potential
CU-100206,"Elizabeth Wilson","Home Office",884,1,2919.81,1,4,4,9,"At Risk"
CU-102355,"Richard Johnson",Consumer,869,1,2909.64,1,4,4,9,"At Risk"
CU-101610,"Elizabeth Wilson",Corporate,757,1,2901.98,1,4,4,9,"At Risk"
CU-101071,"David Lopez",Corporate,175,3,2885.69,4,1,4,9,"New Customer"
CU-100517,"David Smith",Consumer,832,1,2868.86,1,4,4,9,"At Risk"
CU-101000,"Linda Rodriguez",Consumer,877,1,2853.07,1,4,4,9,"At Risk"
CU-102404,"Sarah Johnson","Home Office",803,1,2849.07,1,4,4,9,"At Risk"
CU-101159,"Robert Rodriguez",Corporate,437,2,2829.77,3,2,4,9,Potential
CU-101804,"Emma Garcia","Home Office",768,1,2822.76,1,4,4,9,"At Risk"
CU-101558,"William Gonzalez",Corporate,781,1,2804.25,1,4,4,9,"At Risk"
CU-101154,"Sarah Davis","Home Office",761,1,2802.88,1,4,4,9,"At Risk"
CU-102904,"William Gonzalez",Consumer,480,2,2779.67,3,2,4,9,Potential
CU-102105,"Jennifer Garcia",Consumer,846,1,2774.23,1,4,4,9,"At Risk"
CU-101380,"Patricia Jones",Consumer,382,2,2725.17,3,2,4,9,Potential
CU-102319,"Mary Jones",Corporate,805,1,2700.98,1,4,4,9,"At Risk"
CU-102944,"Linda Smith","Home Office",819,1,2700.65,1,4,4,9,"At Risk"
CU-101331,"Mary Davis","Home Office",806,1,2671.63,1,4,4,9,"At Risk"
CU-100296,"Emma Rodriguez","Home Office",779,1,2667.47,1,4,4,9,"At Risk"
CU-101147,"Sarah Brown","Home Office",809,1,2642.87,1,4,4,9,"At Risk"
CU-101650,"James Anderson",Consumer,841,1,2590.69,1,4,4,9,"At Risk"
CU-102774,"Elizabeth Wilson",Corporate,746,1,2589.20,1,4,4,9,"At Risk"
CU-100053,"Robert Jones",Consumer,291,2,2538.79,3,2,4,9,Potential
CU-101922,"David Garcia",Corporate,884,1,2535.18,1,4,4,9,"At Risk"
CU-101767,"Joseph Jones",Consumer,751,1,2527.04,1,4,4,9,"At Risk"
CU-101271,"James Rodriguez","Home Office",768,1,2523.01,1,4,4,9,"At Risk"
CU-102817,"Jennifer Garcia",Corporate,844,1,2516.15,1,4,4,9,"At Risk"
CU-101961,"Linda Hernandez",Corporate,837,1,2461.33,1,4,4,9,"At Risk"
CU-100386,"David Jones",Consumer,894,1,2454.84,1,4,4,9,"At Risk"
CU-101151,"Elizabeth Martinez","Home Office",823,1,2449.23,1,4,4,9,"At Risk"
CU-100620,"David Martinez",Corporate,845,1,2444.79,1,4,4,9,"At Risk"
CU-100860,"James Garcia",Consumer,818,1,2434.17,1,4,4,9,"At Risk"
CU-102611,"John Williams","Home Office",794,1,2431.52,1,4,4,9,"At Risk"
CU-101825,"Jennifer Anderson",Corporate,841,1,2370.80,1,4,4,9,"At Risk"
CU-102114,"Joseph Anderson",Consumer,844,1,2362.79,1,4,4,9,"At Risk"
CU-102457,"Elizabeth Williams",Corporate,775,1,2358.88,1,4,4,9,"At Risk"
CU-101525,"Elizabeth Davis","Home Office",835,1,2332.48,1,4,4,9,"At Risk"
CU-101215,"Michael Jones",Corporate,449,2,2324.39,3,2,4,9,Potential
CU-102834,"William Jones",Corporate,758,1,2307.14,1,4,4,9,"At Risk"
CU-102788,"Lisa Martinez","Home Office",855,1,2288.00,1,4,4,9,"At Risk"
CU-101772,"John Anderson","Home Office",423,2,2236.39,3,2,4,9,Potential
CU-101586,"Lisa Hernandez","Home Office",870,1,2194.47,1,4,4,9,"At Risk"
CU-102240,"Lisa Wilson",Consumer,806,1,2180.85,1,4,4,9,"At Risk"
CU-100462,"Jennifer Brown",Consumer,827,1,2178.56,1,4,4,9,"At Risk"
CU-100370,"Patricia Miller",Corporate,841,1,2170.22,1,4,4,9,"At Risk"
CU-102676,"Robert Jones",Consumer,307,2,2168.44,3,2,4,9,Potential
CU-101832,"Richard Lopez",Corporate,477,2,2123.21,3,2,4,9,Potential
CU-101212,"Lisa Davis","Home Office",798,1,2122.64,1,4,4,9,"At Risk"
CU-101762,"Richard Garcia","Home Office",783,1,2112.19,1,4,4,9,"At Risk"
CU-100103,"Elizabeth Miller",Consumer,876,1,2094.40,1,4,4,9,"At Risk"
CU-100802,"Robert Rodriguez",Consumer,319,3,2049.97,3,1,5,9,Potential
CU-101619,"Patricia Johnson",Consumer,1049,1,1989.15,1,3,5,9,"At Risk"
CU-101355,"Emma Brown","Home Office",972,1,1981.67,1,3,5,9,"At Risk"
CU-100378,"Patricia Rodriguez",Consumer,697,2,1969.79,2,2,5,9,Lost
CU-100134,"Patricia Rodriguez",Corporate,1058,1,1967.45,1,3,5,9,"At Risk"
CU-102305,"Lisa Garcia",Consumer,1060,1,1935.95,1,3,5,9,"At Risk"
CU-100636,"Joseph Wilson",Consumer,1065,1,1908.11,1,3,5,9,"At Risk"
CU-100025,"William Gonzalez","Home Office",1074,1,1904.47,1,3,5,9,"At Risk"
CU-101439,"Mary Johnson",Consumer,947,1,1884.33,1,3,5,9,"At Risk"
CU-101395,"Lisa Gonzalez","Home Office",918,1,1876.22,1,3,5,9,"At Risk"
CU-101002,"William Lopez",Corporate,959,1,1875.71,1,3,5,9,"At Risk"
CU-100964,"Richard Martinez","Home Office",602,2,1873.56,2,2,5,9,Lost
CU-101831,"Emma Williams",Consumer,932,1,1828.03,1,3,5,9,"At Risk"
CU-101905,"Robert Johnson",Consumer,920,1,1822.98,1,3,5,9,"At Risk"
CU-100440,"Sarah Hernandez","Home Office",1010,1,1774.76,1,3,5,9,"At Risk"
CU-101911,"Emma Garcia",Corporate,1013,1,1754.07,1,3,5,9,"At Risk"
CU-102219,"Elizabeth Jones",Corporate,335,3,1747.85,3,1,5,9,Potential
CU-102822,"Lisa Brown",Consumer,971,1,1729.65,1,3,5,9,"At Risk"
CU-102942,"Jennifer Rodriguez",Consumer,1084,1,1728.19,1,3,5,9,"At Risk"
CU-101563,"William Davis",Consumer,928,1,1683.54,1,3,5,9,"At Risk"
CU-101841,"Robert Brown",Consumer,1041,1,1678.74,1,3,5,9,"At Risk"
CU-101102,"James Miller","Home Office",1018,1,1650.48,1,3,5,9,"At Risk"
CU-102941,"Linda Martinez",Consumer,938,1,1611.93,1,3,5,9,"At Risk"
CU-101417,"James Garcia",Corporate,1069,1,1543.46,1,3,5,9,"At Risk"
CU-102961,"Patricia Gonzalez",Consumer,989,1,1540.31,1,3,5,9,"At Risk"
CU-101223,"Emma Lopez",Consumer,939,1,1497.33,1,3,5,9,"At Risk"
CU-100995,"Michael Jones",Corporate,1067,1,1381.68,1,3,5,9,"At Risk"
CU-101900,"Joseph Garcia",Consumer,1082,1,1372.59,1,3,5,9,"At Risk"
CU-102797,"James Brown",Corporate,1062,1,1366.05,1,3,5,9,"At Risk"
CU-101845,"Patricia Brown","Home Office",941,1,1303.28,1,3,5,9,"At Risk"
CU-101330,"Lisa Anderson",Consumer,904,1,1297.09,1,3,5,9,"At Risk"
CU-100435,"Patricia Gonzalez",Consumer,1080,1,1276.22,1,3,5,9,"At Risk"
CU-101495,"John Lopez",Consumer,1043,1,1255.38,1,3,5,9,"At Risk"
CU-102147,"Richard Smith",Consumer,1034,1,1241.48,1,3,5,9,"At Risk"
CU-102759,"Mary Wilson",Corporate,1071,1,1177.95,1,3,5,9,"At Risk"
CU-101771,"Elizabeth Gonzalez",Corporate,903,1,1132.72,1,3,5,9,"At Risk"
CU-101245,"Sarah Davis",Corporate,353,3,1108.22,3,1,5,9,Potential
CU-101731,"Linda Davis","Home Office",1091,1,1077.95,1,3,5,9,"At Risk"
CU-100190,"Jennifer Wilson",Consumer,938,1,1070.65,1,3,5,9,"At Risk"
CU-102859,"Joseph Davis","Home Office",1046,1,1068.06,1,3,5,9,"At Risk"
CU-100973,"Linda Garcia",Consumer,1063,1,1046.70,1,3,5,9,"At Risk"
CU-101754,"Linda Johnson",Corporate,1002,1,1001.68,1,3,5,9,"At Risk"
CU-100555,"Richard Garcia","Home Office",1027,1,909.53,1,3,5,9,"At Risk"
CU-100647,"Mary Hernandez","Home Office",1075,1,891.01,1,3,5,9,"At Risk"
CU-101354,"James Gonzalez","Home Office",710,2,890.54,2,2,5,9,Lost
CU-101049,"David Johnson","Home Office",953,1,845.14,1,3,5,9,"At Risk"
CU-102000,"David Lopez","Home Office",520,2,644.87,2,2,5,9,Lost
CU-100217,"Lisa Johnson",Corporate,1081,1,637.48,1,3,5,9,"At Risk"
CU-100303,"Patricia Rodriguez",Consumer,973,1,634.00,1,3,5,9,"At Risk"
CU-100383,"James Hernandez",Consumer,1054,1,628.06,1,3,5,9,"At Risk"
CU-102426,"Michael Anderson","Home Office",530,2,577.68,2,2,5,9,Lost
CU-100616,"James Martinez",Consumer,1070,1,553.70,1,3,5,9,"At Risk"
CU-102074,"Elizabeth Smith",Corporate,1082,1,537.45,1,3,5,9,"At Risk"
CU-100638,"Linda Garcia",Consumer,973,1,531.85,1,3,5,9,"At Risk"
CU-102002,"Elizabeth Hernandez",Consumer,1087,1,497.32,1,3,5,9,"At Risk"
CU-100116,"Elizabeth Smith",Corporate,1087,1,451.50,1,3,5,9,"At Risk"
CU-101839,"James Lopez",Corporate,1022,1,405.62,1,3,5,9,"At Risk"
CU-100671,"Jennifer Williams",Consumer,943,1,370.54,1,3,5,9,"At Risk"
CU-101524,"Elizabeth Gonzalez",Consumer,906,1,367.32,1,3,5,9,"At Risk"
CU-101861,"Joseph Davis","Home Office",1060,1,357.36,1,3,5,9,"At Risk"
CU-101398,"Linda Lopez",Consumer,988,1,346.26,1,3,5,9,"At Risk"
CU-102726,"Richard Brown",Consumer,1071,1,342.56,1,3,5,9,"At Risk"
CU-101565,"Linda Brown",Consumer,935,1,342.36,1,3,5,9,"At Risk"
CU-102485,"William Gonzalez","Home Office",976,1,324.36,1,3,5,9,"At Risk"
CU-101508,"Michael Garcia",Consumer,923,1,322.75,1,3,5,9,"At Risk"
CU-101080,"Richard Hernandez",Corporate,1048,1,303.00,1,3,5,9,"At Risk"
CU-101721,"David Davis","Home Office",1022,1,243.45,1,3,5,9,"At Risk"
CU-101973,"Jennifer Garcia","Home Office",1079,1,235.66,1,3,5,9,"At Risk"
CU-102651,"Patricia Smith","Home Office",989,1,201.13,1,3,5,9,"At Risk"
CU-100007,"Patricia Wilson",Corporate,961,1,179.11,1,3,5,9,"At Risk"
CU-102955,"John Hernandez",Corporate,1091,1,63.50,1,3,5,9,"At Risk"
CU-100167,"Sarah Brown",Corporate,200,2,15031.02,4,3,1,8,Potential
CU-101638,"Linda Johnson",Consumer,145,2,14942.63,4,3,1,8,Potential
CU-100541,"Mary Gonzalez",Consumer,122,2,13489.40,4,3,1,8,Potential
CU-102540,"James Miller",Corporate,152,2,13310.26,4,3,1,8,Potential
CU-101334,"Richard Miller",Corporate,144,2,12692.08,4,3,1,8,Potential
CU-102498,"James Johnson",Corporate,162,2,12411.90,4,3,1,8,Potential
CU-101169,"David Martinez","Home Office",187,2,12300.62,4,3,1,8,Potential
CU-102286,"Richard Anderson",Corporate,215,2,12008.70,4,3,1,8,Potential
CU-100220,"Richard Martinez",Corporate,211,2,11752.22,4,3,1,8,Potential
CU-100166,"John Miller",Corporate,163,2,11709.75,4,3,1,8,Potential
CU-101447,"Jennifer Gonzalez",Corporate,184,2,11628.57,4,3,1,8,Potential
CU-100599,"Mary Smith",Corporate,154,2,11041.94,4,3,1,8,Potential
CU-102475,"Patricia Anderson",Corporate,133,2,10704.95,4,3,1,8,Potential
CU-102308,"Robert Davis","Home Office",180,2,10636.45,4,3,1,8,Potential
CU-101509,"Richard Johnson",Consumer,128,2,10505.47,4,3,1,8,Potential
CU-101241,"Robert Anderson",Consumer,138,2,10346.97,4,3,1,8,Potential
CU-100429,"Richard Garcia",Consumer,150,2,10171.33,4,3,1,8,Potential
CU-100516,"Linda Williams","Home Office",215,2,10079.85,4,3,1,8,Potential
CU-100052,"Joseph Jones",Corporate,143,2,9888.77,4,3,1,8,Potential
CU-100893,"Joseph Williams","Home Office",468,1,9878.77,3,4,1,8,Potential
CU-101979,"John Hernandez",Corporate,204,2,9625.40,4,3,1,8,Potential
CU-100109,"Elizabeth Hernandez",Consumer,201,2,9262.89,4,3,1,8,Potential
CU-100389,"Mary Martinez","Home Office",161,2,9142.19,4,3,1,8,Potential
CU-102007,"Elizabeth Garcia",Corporate,223,2,9114.07,4,3,1,8,Potential
CU-100346,"Elizabeth Smith","Home Office",161,2,9013.31,4,3,1,8,Potential
CU-101410,"Sarah Jones",Corporate,160,2,8793.49,4,3,1,8,Potential
CU-101736,"Sarah Hernandez",Corporate,107,4,8746.73,5,1,2,8,"New Customer"
CU-101229,"James Anderson","Home Office",103,4,8588.62,5,1,2,8,"New Customer"
CU-100537,"Michael Garcia","Home Office",82,3,8575.68,5,1,2,8,"New Customer"
CU-102386,"William Williams","Home Office",69,3,8575.45,5,1,2,8,"New Customer"
CU-102568,"Joseph Garcia",Consumer,11,4,8432.36,5,1,2,8,"New Customer"
CU-100790,"William Hernandez","Home Office",29,3,8429.31,5,1,2,8,"New Customer"
CU-100677,"Joseph Lopez",Consumer,725,1,8409.94,2,4,2,8,"At Risk"
CU-100931,"Michael Jones",Consumer,45,3,8395.35,5,1,2,8,"New Customer"
CU-100243,"Patricia Smith",Corporate,110,3,8218.90,5,1,2,8,"New Customer"
CU-102165,"Patricia Anderson",Corporate,76,4,8203.41,5,1,2,8,"New Customer"
CU-102036,"Robert Lopez",Consumer,54,3,8183.14,5,1,2,8,"New Customer"
CU-100375,"Joseph Williams","Home Office",12,3,8113.03,5,1,2,8,"New Customer"
CU-102872,"John Davis","Home Office",722,1,8082.97,2,4,2,8,"At Risk"
CU-100208,"Michael Miller",Consumer,56,3,8061.54,5,1,2,8,"New Customer"
CU-100132,"Robert Johnson","Home Office",44,3,8003.89,5,1,2,8,"New Customer"
CU-100588,"Patricia Garcia",Corporate,487,1,7999.56,2,4,2,8,"At Risk"
CU-102236,"John Gonzalez","Home Office",29,3,7979.84,5,1,2,8,"New Customer"
CU-102138,"William Brown","Home Office",95,3,7932.48,5,1,2,8,"New Customer"
CU-100465,"Michael Rodriguez",Corporate,710,1,7884.50,2,4,2,8,"At Risk"
CU-102467,"Jennifer Wilson",Consumer,87,3,7845.44,5,1,2,8,"New Customer"
CU-101857,"Jennifer Brown","Home Office",273,2,7837.33,4,2,2,8,"New Customer"
CU-101294,"William Miller","Home Office",116,3,7696.56,5,1,2,8,"New Customer"
CU-101344,"Jennifer Smith",Corporate,12,3,7658.94,5,1,2,8,"New Customer"
CU-102414,"David Wilson","Home Office",9,3,7648.37,5,1,2,8,"New Customer"
CU-102839,"Richard Lopez","Home Office",696,1,7595.44,2,4,2,8,"At Risk"
CU-102439,"Robert Johnson","Home Office",110,3,7587.66,5,1,2,8,"New Customer"
CU-102331,"Emma Rodriguez","Home Office",260,2,7571.12,4,2,2,8,"New Customer"
CU-100731,"Richard Johnson",Corporate,32,3,7566.67,5,1,2,8,"New Customer"
CU-100212,"Linda Martinez","Home Office",16,5,7555.64,5,1,2,8,"New Customer"
CU-102390,"Mary Williams","Home Office",47,3,7554.46,5,1,2,8,"New Customer"
CU-102641,"Linda Hernandez",Corporate,56,3,7476.67,5,1,2,8,"New Customer"
CU-101640,"Michael Jones",Corporate,570,1,7468.44,2,4,2,8,"At Risk"
CU-102079,"Emma Anderson",Corporate,534,1,7425.98,2,4,2,8,"At Risk"
CU-100999,"Richard Martinez",Consumer,116,3,7379.44,5,1,2,8,"New Customer"
CU-101144,"Mary Williams",Corporate,78,4,7369.00,5,1,2,8,"New Customer"
CU-102448,"Jennifer Wilson",Corporate,273,2,7306.75,4,2,2,8,"New Customer"
CU-101116,"Richard Rodriguez",Corporate,242,2,7299.87,4,2,2,8,"New Customer"
CU-100088,"James Miller","Home Office",235,2,7236.69,4,2,2,8,"New Customer"
CU-102600,"Jennifer Davis",Corporate,240,2,7162.08,4,2,2,8,"New Customer"
CU-101328,"Robert Martinez","Home Office",639,1,7160.35,2,4,2,8,"At Risk"
CU-101239,"Jennifer Garcia",Corporate,229,2,7121.42,4,2,2,8,"New Customer"
CU-101044,"Joseph Miller",Consumer,243,2,7096.26,4,2,2,8,"New Customer"
CU-101351,"David Smith",Consumer,632,1,7022.64,2,4,2,8,"At Risk"
CU-100888,"Mary Lopez","Home Office",36,3,7009.25,5,1,2,8,"New Customer"
CU-102127,"Jennifer Jones","Home Office",40,3,6992.97,5,1,2,8,"New Customer"
CU-102862,"John Martinez",Corporate,117,4,6968.49,5,1,2,8,"New Customer"
CU-102451,"Sarah Rodriguez","Home Office",256,2,6952.32,4,2,2,8,"New Customer"
CU-102629,"Lisa Jones","Home Office",61,3,6905.16,5,1,2,8,"New Customer"
CU-101459,"Linda Williams","Home Office",21,3,6904.22,5,1,2,8,"New Customer"
CU-101788,"Joseph Davis",Corporate,273,2,6903.70,4,2,2,8,"New Customer"
CU-100157,"Joseph Garcia",Consumer,67,3,6868.55,5,1,2,8,"New Customer"
CU-101119,"James Martinez",Consumer,24,3,6845.28,5,1,2,8,"New Customer"
CU-102602,"Lisa Brown",Corporate,729,1,6836.59,2,4,2,8,"At Risk"
CU-100577,"Joseph Garcia",Consumer,593,1,6836.07,2,4,2,8,"At Risk"
CU-102998,"Emma Garcia",Consumer,85,3,6832.61,5,1,2,8,"New Customer"
CU-100828,"Emma Gonzalez",Consumer,720,1,6683.27,2,4,2,8,"At Risk"
CU-102887,"Patricia Martinez",Corporate,66,3,6631.57,5,1,2,8,"New Customer"
CU-101393,"David Johnson",Corporate,86,3,6610.97,5,1,2,8,"New Customer"
CU-100680,"William Wilson",Corporate,649,1,6501.50,2,4,2,8,"At Risk"
CU-100654,"John Lopez",Consumer,248,2,6334.02,4,2,2,8,"New Customer"
CU-100410,"Sarah Miller",Consumer,74,3,6318.40,5,1,2,8,"New Customer"
CU-100057,"Jennifer Miller",Consumer,48,3,6293.84,5,1,2,8,"New Customer"
CU-100745,"Richard Williams",Corporate,559,1,6244.80,2,4,2,8,"At Risk"
CU-101232,"Linda Anderson","Home Office",616,1,6230.10,2,4,2,8,"At Risk"
CU-101066,"Robert Wilson",Consumer,30,3,6215.43,5,1,2,8,"New Customer"
CU-101882,"Richard Martinez",Consumer,541,1,6215.09,2,4,2,8,"At Risk"
CU-101517,"Elizabeth Gonzalez",Corporate,231,2,6179.73,4,2,2,8,"New Customer"
CU-102677,"Sarah Anderson",Consumer,280,2,6164.12,4,2,2,8,"New Customer"
CU-101019,"Patricia Miller","Home Office",280,2,6106.99,4,2,2,8,"New Customer"
CU-100402,"Richard Wilson","Home Office",639,1,6044.66,2,4,2,8,"At Risk"
CU-100527,"Richard Miller",Corporate,270,2,6042.11,4,2,2,8,"New Customer"
CU-101569,"William Anderson",Consumer,2,4,6026.04,5,1,2,8,"New Customer"
CU-102729,"Jennifer Anderson","Home Office",529,1,5952.43,2,4,2,8,"At Risk"
CU-101655,"Patricia Lopez","Home Office",336,2,5860.98,3,2,3,8,Potential
CU-102899,"Elizabeth Davis","Home Office",807,1,5805.07,1,4,3,8,"At Risk"
CU-100216,"John Anderson",Corporate,900,1,5788.46,1,4,3,8,"At Risk"
CU-100526,"Mary Hernandez",Consumer,349,2,5780.07,3,2,3,8,Potential
CU-100672,"Jennifer Rodriguez",Corporate,881,1,5773.81,1,4,3,8,"At Risk"
CU-100344,"Lisa Hernandez","Home Office",331,2,5773.64,3,2,3,8,Potential
CU-100617,"Patricia Wilson",Consumer,189,3,5770.56,4,1,3,8,"New Customer"
CU-102224,"Sarah Martinez","Home Office",789,1,5751.08,1,4,3,8,"At Risk"
CU-102784,"Mary Lopez",Corporate,789,1,5734.13,1,4,3,8,"At Risk"
CU-102015,"Emma Garcia",Corporate,460,2,5711.41,3,2,3,8,Potential
CU-102896,"Elizabeth Davis",Corporate,346,2,5711.35,3,2,3,8,Potential
CU-100361,"Emma Johnson",Corporate,469,2,5674.83,3,2,3,8,Potential
CU-101190,"Mary Gonzalez",Corporate,424,2,5651.47,3,2,3,8,Potential
CU-102628,"David Johnson","Home Office",337,2,5606.90,3,2,3,8,Potential
CU-101086,"Jennifer Smith",Consumer,129,3,5481.01,4,1,3,8,"New Customer"
CU-101591,"Richard Martinez",Corporate,470,2,5478.95,3,2,3,8,Potential
CU-100757,"Michael Johnson",Corporate,334,2,5443.73,3,2,3,8,Potential
CU-101303,"Sarah Hernandez",Corporate,768,1,5418.45,1,4,3,8,"At Risk"
CU-102209,"Michael Anderson","Home Office",284,2,5354.68,3,2,3,8,Potential
CU-102690,"Robert Martinez",Consumer,346,2,5353.85,3,2,3,8,Potential
CU-100267,"Linda Garcia","Home Office",873,1,5352.38,1,4,3,8,"At Risk"
CU-102879,"John Smith",Corporate,319,2,5321.26,3,2,3,8,Potential
CU-100357,"Joseph Anderson",Corporate,857,1,5319.51,1,4,3,8,"At Risk"
CU-100783,"David Hernandez",Consumer,891,1,5300.39,1,4,3,8,"At Risk"
CU-102193,"Richard Williams","Home Office",335,2,5296.94,3,2,3,8,Potential
CU-100713,"Elizabeth Smith",Consumer,330,2,5293.09,3,2,3,8,Potential
CU-102410,"John Wilson","Home Office",852,1,5283.16,1,4,3,8,"At Risk"
CU-101178,"Michael Lopez",Corporate,787,1,5259.23,1,4,3,8,"At Risk"
CU-102591,"John Lopez","Home Office",220,3,5246.50,4,1,3,8,"New Customer"
CU-102056,"David Miller","Home Office",305,2,5228.17,3,2,3,8,Potential
CU-100594,"David Williams",Corporate,766,1,5190.92,1,4,3,8,"At Risk"
CU-102150,"James Wilson","Home Office",405,2,5163.85,3,2,3,8,Potential
CU-100720,"Linda Gonzalez","Home Office",425,2,5142.36,3,2,3,8,Potential
CU-100668,"James Johnson","Home Office",289,2,5127.07,3,2,3,8,Potential
CU-102163,"Linda Williams","Home Office",172,3,5110.34,4,1,3,8,"New Customer"
CU-102746,"Lisa Hernandez",Corporate,755,1,5095.93,1,4,3,8,"At Risk"
CU-100158,"Elizabeth Johnson",Consumer,787,1,5081.02,1,4,3,8,"At Risk"
CU-102116,"David Smith",Consumer,760,1,5053.37,1,4,3,8,"At Risk"
CU-100989,"Michael Jones",Consumer,831,1,5043.98,1,4,3,8,"At Risk"
CU-102393,"Michael Jones","Home Office",254,3,5010.64,4,1,3,8,"New Customer"
CU-102444,"David Gonzalez",Consumer,391,2,5003.92,3,2,3,8,Potential
CU-102635,"Elizabeth Garcia",Corporate,149,3,4998.32,4,1,3,8,"New Customer"
CU-100805,"James Wilson","Home Office",842,1,4943.68,1,4,3,8,"At Risk"
CU-102558,"David Martinez",Corporate,425,2,4938.99,3,2,3,8,Potential
CU-100004,"Joseph Martinez",Corporate,750,1,4927.17,1,4,3,8,"At Risk"
CU-101394,"Lisa Gonzalez",Corporate,303,2,4903.96,3,2,3,8,Potential
CU-101388,"Michael Davis","Home Office",390,2,4891.80,3,2,3,8,Potential
CU-100232,"Emma Davis",Corporate,760,1,4833.34,1,4,3,8,"At Risk"
CU-100591,"David Rodriguez",Corporate,353,2,4794.74,3,2,3,8,Potential
CU-100809,"David Martinez",Corporate,428,2,4777.23,3,2,3,8,Potential
CU-100120,"Joseph Anderson",Consumer,452,2,4764.08,3,2,3,8,Potential
CU-101087,"Patricia Gonzalez",Consumer,420,2,4737.13,3,2,3,8,Potential
CU-102197,"Lisa Smith",Corporate,345,2,4717.85,3,2,3,8,Potential
CU-101404,"David Garcia",Corporate,742,1,4710.60,1,4,3,8,"At Risk"
CU-100241,"Sarah Lopez",Corporate,427,2,4697.13,3,2,3,8,Potential
CU-102273,"Emma Hernandez","Home Office",841,1,4669.96,1,4,3,8,"At Risk"
CU-100145,"Jennifer Lopez",Corporate,352,2,4665.99,3,2,3,8,Potential
CU-100738,"Linda Lopez","Home Office",769,1,4643.48,1,4,3,8,"At Risk"
CU-102960,"Robert Rodriguez","Home Office",764,1,4620.00,1,4,3,8,"At Risk"
CU-100051,"Lisa Miller",Consumer,358,2,4605.83,3,2,3,8,Potential
CU-101068,"William Lopez","Home Office",820,1,4604.03,1,4,3,8,"At Risk"
CU-101018,"Linda Davis","Home Office",898,1,4584.70,1,4,3,8,"At Risk"
CU-101195,"Joseph Martinez","Home Office",786,1,4581.74,1,4,3,8,"At Risk"
CU-102312,"Robert Brown",Consumer,810,1,4578.12,1,4,3,8,"At Risk"
CU-102860,"Michael Williams","Home Office",485,2,4563.18,3,2,3,8,Potential
CU-102083,"David Garcia","Home Office",842,1,4550.53,1,4,3,8,"At Risk"
CU-100998,"William Brown","Home Office",316,2,4545.61,3,2,3,8,Potential
CU-101124,"David Johnson",Consumer,773,1,4527.83,1,4,3,8,"At Risk"
CU-100674,"Emma Brown","Home Office",810,1,4521.38,1,4,3,8,"At Risk"
CU-101885,"Richard Lopez",Consumer,382,2,4517.08,3,2,3,8,Potential
CU-101094,"Mary Rodriguez","Home Office",400,2,4515.23,3,2,3,8,Potential
CU-101142,"Emma Hernandez",Corporate,469,2,4511.55,3,2,3,8,Potential
CU-102091,"Patricia Rodriguez",Consumer,473,2,4491.14,3,2,3,8,Potential
CU-101133,"David Garcia","Home Office",131,3,4399.15,4,1,3,8,"New Customer"
CU-100260,"Emma Wilson","Home Office",213,3,4379.45,4,1,3,8,"New Customer"
CU-102543,"Patricia Jones",Consumer,230,3,4331.69,4,1,3,8,"New Customer"
CU-102032,"Mary Garcia","Home Office",751,1,4315.71,1,4,3,8,"At Risk"
CU-101031,"Mary Jones","Home Office",855,1,4295.82,1,4,3,8,"At Risk"
CU-102299,"Linda Martinez","Home Office",321,2,4290.98,3,2,3,8,Potential
CU-101673,"David Anderson",Corporate,448,2,4283.31,3,2,3,8,Potential
CU-101207,"John Brown","Home Office",752,1,4244.97,1,4,3,8,"At Risk"
CU-102741,"Jennifer Brown",Consumer,457,2,4242.92,3,2,3,8,Potential
CU-102768,"Elizabeth Anderson","Home Office",831,1,4218.93,1,4,3,8,"At Risk"
CU-102143,"Mary Williams",Consumer,146,4,4216.76,4,1,3,8,"New Customer"
CU-100181,"Richard Wilson","Home Office",877,1,4204.53,1,4,3,8,"At Risk"
CU-100822,"Emma Hernandez",Consumer,408,2,4204.16,3,2,3,8,Potential
CU-101134,"Sarah Hernandez","Home Office",814,1,4196.32,1,4,3,8,"At Risk"
CU-100829,"Robert Gonzalez",Corporate,441,2,4191.11,3,2,3,8,Potential
CU-102392,"Linda Rodriguez",Consumer,335,2,4178.61,3,2,3,8,Potential
CU-100391,"James Wilson","Home Office",823,1,4133.35,1,4,3,8,"At Risk"
CU-101412,"Sarah Rodriguez","Home Office",296,2,4109.37,3,2,3,8,Potential
CU-102358,"Elizabeth Lopez",Corporate,369,2,4047.77,3,2,3,8,Potential
CU-100768,"David Jones","Home Office",802,1,4043.96,1,4,3,8,"At Risk"
CU-100371,"Emma Smith","Home Office",884,1,4036.96,1,4,3,8,"At Risk"
CU-100287,"Jennifer Rodriguez","Home Office",761,1,4009.71,1,4,3,8,"At Risk"
CU-102115,"James Jones","Home Office",756,1,3994.11,1,4,3,8,"At Risk"
CU-101248,"Mary Smith","Home Office",886,1,3989.70,1,4,3,8,"At Risk"
CU-101109,"Sarah Garcia","Home Office",326,2,3977.30,3,2,3,8,Potential
CU-100753,"David Johnson",Corporate,139,3,3974.81,4,1,3,8,"New Customer"
CU-100493,"Mary Miller",Consumer,376,2,3961.69,3,2,3,8,Potential
CU-101356,"David Lopez","Home Office",744,1,3950.08,1,4,3,8,"At Risk"
CU-100313,"William Lopez","Home Office",666,2,3941.19,2,2,4,8,Lost
CU-100271,"William Martinez",Consumer,1055,1,3912.57,1,3,4,8,"At Risk"
CU-100425,"John Davis",Corporate,512,2,3888.95,2,2,4,8,Lost
CU-101890,"Robert Rodriguez",Consumer,597,2,3888.91,2,2,4,8,Lost
CU-101992,"Emma Jones",Consumer,1064,1,3865.13,1,3,4,8,"At Risk"
CU-101745,"William Johnson",Consumer,308,3,3856.12,3,1,4,8,Potential
CU-102463,"Joseph Johnson","Home Office",569,2,3810.87,2,2,4,8,Lost
CU-100763,"Lisa Jones",Corporate,933,1,3794.88,1,3,4,8,"At Risk"
CU-100000,"John Lopez",Corporate,1015,1,3771.05,1,3,4,8,"At Risk"
CU-102847,"Mary Lopez",Consumer,910,1,3725.01,1,3,4,8,"At Risk"
CU-100590,"Jennifer Jones",Consumer,695,2,3691.60,2,2,4,8,Lost
CU-102684,"Joseph Martinez","Home Office",510,2,3653.37,2,2,4,8,Lost
CU-102290,"Robert Martinez",Consumer,664,2,3649.27,2,2,4,8,Lost
CU-100172,"Emma Davis","Home Office",1011,1,3626.91,1,3,4,8,"At Risk"
CU-100272,"John Martinez","Home Office",1072,1,3583.14,1,3,4,8,"At Risk"
CU-102191,"William Anderson","Home Office",905,1,3517.26,1,3,4,8,"At Risk"
CU-101688,"Joseph Gonzalez","Home Office",942,1,3509.56,1,3,4,8,"At Risk"
CU-101779,"Elizabeth Anderson","Home Office",479,3,3442.70,3,1,4,8,Potential
CU-102406,"Jennifer Anderson","Home Office",943,1,3421.38,1,3,4,8,"At Risk"
CU-101442,"Mary Gonzalez","Home Office",706,2,3381.74,2,2,4,8,Lost
CU-102302,"Lisa Anderson",Consumer,691,2,3375.90,2,2,4,8,Lost
CU-100889,"Richard Miller","Home Office",997,1,3365.90,1,3,4,8,"At Risk"
CU-101837,"Michael Williams","Home Office",702,2,3364.01,2,2,4,8,Lost
CU-102106,"John Smith","Home Office",960,1,3351.74,1,3,4,8,"At Risk"
CU-101618,"Elizabeth Johnson","Home Office",538,2,3251.36,2,2,4,8,Lost
CU-101383,"John Davis","Home Office",1001,1,3222.83,1,3,4,8,"At Risk"
CU-100363,"Joseph Garcia",Corporate,1055,1,3214.43,1,3,4,8,"At Risk"
CU-102587,"Mary Jones",Consumer,695,2,3188.46,2,2,4,8,Lost
CU-100273,"Lisa Jones","Home Office",950,1,3186.53,1,3,4,8,"At Risk"
CU-100643,"John Garcia",Corporate,578,2,3172.41,2,2,4,8,Lost
CU-101620,"Lisa Lopez","Home Office",1080,1,3168.04,1,3,4,8,"At Risk"
CU-101063,"Jennifer Williams","Home Office",549,2,3154.35,2,2,4,8,Lost
CU-101226,"Mary Jones","Home Office",329,3,3148.73,3,1,4,8,Potential
CU-100833,"Elizabeth Williams",Consumer,617,2,3144.78,2,2,4,8,Lost
CU-102531,"Patricia Williams",Corporate,489,2,3142.91,2,2,4,8,Lost
CU-101929,"Joseph Hernandez",Consumer,1069,1,3123.55,1,3,4,8,"At Risk"
CU-101121,"John Lopez",Consumer,522,2,3100.84,2,2,4,8,Lost
CU-101672,"Jennifer Martinez","Home Office",690,2,3097.44,2,2,4,8,Lost
CU-100764,"Sarah Miller",Corporate,1057,1,3062.30,1,3,4,8,"At Risk"
CU-101956,"Richard Martinez",Corporate,921,1,3053.43,1,3,4,8,"At Risk"
CU-102462,"Linda Lopez",Corporate,626,2,3043.66,2,2,4,8,Lost
CU-102082,"William Johnson",Corporate,958,1,3035.71,1,3,4,8,"At Risk"
CU-101415,"Robert Williams",Corporate,1068,1,3003.75,1,3,4,8,"At Risk"
CU-102576,"Jennifer Garcia","Home Office",1031,1,2960.29,1,3,4,8,"At Risk"
CU-102212,"Patricia Martinez",Corporate,489,2,2953.71,2,2,4,8,Lost
CU-102807,"Robert Lopez",Consumer,504,2,2880.52,2,2,4,8,Lost
CU-102869,"Robert Brown",Corporate,918,1,2878.92,1,3,4,8,"At Risk"
CU-100585,"Lisa Garcia",Corporate,299,3,2814.68,3,1,4,8,Potential
CU-102836,"Robert Gonzalez",Consumer,1014,1,2811.99,1,3,4,8,"At Risk"
CU-100851,"Sarah Smith","Home Office",1048,1,2798.13,1,3,4,8,"At Risk"
CU-102409,"Emma Brown",Consumer,1024,1,2756.71,1,3,4,8,"At Risk"
CU-102348,"William Garcia",Consumer,1094,1,2708.67,1,3,4,8,"At Risk"
CU-102465,"Jennifer Johnson","Home Office",912,1,2685.89,1,3,4,8,"At Risk"
CU-102927,"Linda Anderson",Corporate,488,2,2667.49,2,2,4,8,Lost
CU-101879,"Richard Martinez",Consumer,905,1,2666.88,1,3,4,8,"At Risk"
CU-102809,"Elizabeth Davis",Consumer,1084,1,2664.83,1,3,4,8,"At Risk"
CU-101726,"Mary Garcia",Corporate,936,1,2617.50,1,3,4,8,"At Risk"
CU-101907,"Emma Gonzalez","Home Office",1045,1,2582.41,1,3,4,8,"At Risk"
CU-101874,"Lisa Johnson",Consumer,704,2,2579.45,2,2,4,8,Lost
CU-101286,"Robert Rodriguez",Corporate,1043,1,2546.83,1,3,4,8,"At Risk"
CU-100291,"Emma Miller",Consumer,935,1,2327.84,1,3,4,8,"At Risk"
CU-101282,"Patricia Johnson",Corporate,1034,1,2320.01,1,3,4,8,"At Risk"
CU-101735,"Linda Miller",Consumer,911,1,2297.53,1,3,4,8,"At Risk"
CU-102973,"Michael Garcia",Consumer,1090,1,2274.27,1,3,4,8,"At Risk"
CU-102341,"William Miller",Consumer,952,1,2263.70,1,3,4,8,"At Risk"
CU-101306,"William Williams","Home Office",961,1,2212.67,1,3,4,8,"At Risk"
CU-100226,"David Johnson",Corporate,925,1,2208.77,1,3,4,8,"At Risk"
CU-102062,"Lisa Martinez",Consumer,1036,1,2204.45,1,3,4,8,"At Risk"
CU-100960,"Elizabeth Davis",Consumer,538,2,2135.82,2,2,4,8,Lost
CU-101522,"Sarah Smith",Consumer,897,2,1960.43,1,2,5,8,Lost
CU-102985,"Patricia Lopez","Home Office",779,2,1842.22,1,2,5,8,Lost
CU-100265,"Michael Johnson",Corporate,847,2,1680.06,1,2,5,8,Lost
CU-100250,"Patricia Gonzalez",Consumer,741,2,1415.59,1,2,5,8,Lost
CU-102908,"Richard Garcia",Consumer,900,2,1410.90,1,2,5,8,Lost
CU-101418,"Sarah Johnson",Corporate,818,2,938.57,1,2,5,8,Lost
CU-101734,"Joseph Williams","Home Office",819,2,927.35,1,2,5,8,Lost
CU-100920,"Mary Martinez",Consumer,747,2,899.38,1,2,5,8,Lost
CU-101222,"Robert Smith",Consumer,818,2,710.29,1,2,5,8,Lost
CU-101858,"Jennifer Rodriguez","Home Office",893,2,709.06,1,2,5,8,Lost
CU-101490,"Robert Martinez",Consumer,757,2,302.22,1,2,5,8,Lost
CU-100128,"David Davis","Home Office",984,2,255.96,1,2,5,8,Lost
CU-101096,"William Wilson","Home Office",58,6,33887.11,5,1,1,7,"New Customer"
CU-101658,"Robert Davis","Home Office",35,6,25955.39,5,1,1,7,"New Customer"
CU-100017,"William Johnson",Consumer,68,5,25049.35,5,1,1,7,"New Customer"
CU-102840,"William Martinez","Home Office",64,5,24433.75,5,1,1,7,"New Customer"
CU-100133,"Mary Wilson","Home Office",35,5,23423.97,5,1,1,7,"New Customer"
CU-100338,"John Jones",Consumer,25,5,20690.23,5,1,1,7,"New Customer"
CU-101007,"Jennifer Jones",Consumer,48,6,20677.67,5,1,1,7,"New Customer"
CU-101574,"Richard Anderson",Corporate,89,5,20250.08,5,1,1,7,"New Customer"
CU-100911,"Linda Wilson",Consumer,26,5,20230.51,5,1,1,7,"New Customer"
CU-100799,"Patricia Brown","Home Office",99,4,19663.39,5,1,1,7,"New Customer"
CU-101433,"Lisa Martinez",Consumer,22,5,18494.36,5,1,1,7,"New Customer"
CU-102709,"Richard Hernandez","Home Office",84,6,18367.17,5,1,1,7,"New Customer"
CU-101387,"Linda Wilson",Consumer,119,3,18230.71,5,1,1,7,"New Customer"
CU-100506,"William Garcia","Home Office",13,3,18072.97,5,1,1,7,"New Customer"
CU-101465,"John Johnson",Corporate,90,3,17559.76,5,1,1,7,"New Customer"
CU-101444,"David Hernandez","Home Office",262,2,16796.77,4,2,1,7,"New Customer"
CU-102679,"Richard Hernandez","Home Office",12,4,16434.53,5,1,1,7,"New Customer"
CU-101062,"Linda Anderson","Home Office",42,3,16131.32,5,1,1,7,"New Customer"
CU-101805,"James Martinez",Consumer,81,3,15832.12,5,1,1,7,"New Customer"
CU-102782,"Emma Garcia","Home Office",36,3,15390.31,5,1,1,7,"New Customer"
CU-102436,"David Hernandez","Home Office",100,6,15328.91,5,1,1,7,"New Customer"
CU-102527,"Joseph Smith",Consumer,47,5,15167.44,5,1,1,7,"New Customer"
CU-100726,"Patricia Garcia",Consumer,51,3,15152.00,5,1,1,7,"New Customer"
CU-101944,"Patricia Davis",Corporate,4,4,15084.66,5,1,1,7,"New Customer"
CU-101107,"Patricia Brown","Home Office",64,4,14982.05,5,1,1,7,"New Customer"
CU-102529,"David Wilson",Consumer,73,4,14769.42,5,1,1,7,"New Customer"
CU-102287,"Lisa Jones",Consumer,60,3,14326.99,5,1,1,7,"New Customer"
CU-101740,"John Johnson","Home Office",53,3,14132.64,5,1,1,7,"New Customer"
CU-101311,"Michael Williams","Home Office",36,3,14076.44,5,1,1,7,"New Customer"
CU-100019,"William Williams",Consumer,35,5,14061.60,5,1,1,7,"New Customer"
CU-100695,"David Johnson",Corporate,71,3,13902.35,5,1,1,7,"New Customer"
CU-101527,"Patricia Gonzalez",Corporate,59,3,13870.42,5,1,1,7,"New Customer"
CU-100419,"Elizabeth Lopez","Home Office",38,4,13814.69,5,1,1,7,"New Customer"
CU-102710,"Michael Garcia","Home Office",48,4,13789.20,5,1,1,7,"New Customer"
CU-100077,"Patricia Gonzalez","Home Office",65,3,13731.77,5,1,1,7,"New Customer"
CU-101006,"Linda Garcia","Home Office",51,3,13595.99,5,1,1,7,"New Customer"
CU-100938,"Elizabeth Davis",Corporate,8,5,13480.73,5,1,1,7,"New Customer"
CU-102356,"Robert Williams",Consumer,18,3,13337.33,5,1,1,7,"New Customer"
CU-100183,"Richard Wilson","Home Office",106,3,13257.74,5,1,1,7,"New Customer"
CU-101254,"Lisa Johnson",Corporate,55,3,13216.92,5,1,1,7,"New Customer"
CU-102218,"Michael Williams","Home Office",61,4,13075.86,5,1,1,7,"New Customer"
CU-101139,"Elizabeth Rodriguez",Consumer,53,4,12964.08,5,1,1,7,"New Customer"
CU-101982,"Richard Jones","Home Office",112,3,12772.25,5,1,1,7,"New Customer"
CU-100902,"Patricia Brown",Consumer,119,4,12679.36,5,1,1,7,"New Customer"
CU-102731,"Emma Miller","Home Office",17,3,12455.37,5,1,1,7,"New Customer"
CU-100356,"Emma Gonzalez",Corporate,32,5,12314.94,5,1,1,7,"New Customer"
CU-102892,"James Smith",Corporate,279,2,12294.17,4,2,1,7,"New Customer"
CU-101595,"Mary Lopez",Corporate,263,2,12280.38,4,2,1,7,"New Customer"
CU-100074,"Sarah Wilson",Corporate,33,3,12163.94,5,1,1,7,"New Customer"
CU-100268,"Mary Martinez",Corporate,83,4,12143.57,5,1,1,7,"New Customer"
CU-100697,"Elizabeth Smith",Corporate,5,3,12140.72,5,1,1,7,"New Customer"
CU-100987,"Sarah Williams",Corporate,19,3,12133.22,5,1,1,7,"New Customer"
CU-100880,"James Lopez",Consumer,23,4,12108.75,5,1,1,7,"New Customer"
CU-101009,"Patricia Brown","Home Office",114,3,12044.76,5,1,1,7,"New Customer"
CU-101955,"Linda Jones","Home Office",112,3,11963.48,5,1,1,7,"New Customer"
CU-100461,"Mary Lopez",Consumer,46,3,11899.16,5,1,1,7,"New Customer"
CU-102325,"Lisa Johnson",Consumer,93,3,11841.57,5,1,1,7,"New Customer"
CU-102255,"James Johnson",Consumer,37,3,11634.05,5,1,1,7,"New Customer"
CU-101985,"Jennifer Brown",Consumer,254,2,11557.30,4,2,1,7,"New Customer"
CU-102513,"Richard Wilson","Home Office",107,4,11535.77,5,1,1,7,"New Customer"
CU-101928,"Jennifer Martinez",Corporate,50,4,11497.46,5,1,1,7,"New Customer"
CU-101622,"Michael Brown",Corporate,119,3,11390.73,5,1,1,7,"New Customer"
CU-101110,"Sarah Wilson","Home Office",235,2,11389.28,4,2,1,7,"New Customer"
CU-100329,"Emma Lopez","Home Office",91,3,11329.39,5,1,1,7,"New Customer"
CU-100286,"Linda Williams",Consumer,78,3,11249.98,5,1,1,7,"New Customer"
CU-101578,"Linda Anderson",Corporate,70,6,11128.45,5,1,1,7,"New Customer"
CU-102868,"Patricia Johnson",Corporate,101,3,11098.15,5,1,1,7,"New Customer"
CU-100756,"David Wilson","Home Office",36,3,11011.94,5,1,1,7,"New Customer"
CU-101494,"Robert Lopez",Consumer,87,4,10875.60,5,1,1,7,"New Customer"
CU-101571,"Sarah Lopez","Home Office",91,3,10746.27,5,1,1,7,"New Customer"
CU-101353,"Joseph Smith",Consumer,84,3,10704.69,5,1,1,7,"New Customer"
CU-100580,"Linda Davis",Consumer,250,2,10693.14,4,2,1,7,"New Customer"
CU-100785,"Richard Wilson",Corporate,648,1,10511.65,2,4,1,7,"At Risk"
CU-100807,"Sarah Smith",Corporate,91,3,10504.92,5,1,1,7,"New Customer"
CU-100061,"James Anderson",Consumer,49,4,10488.66,5,1,1,7,"New Customer"
CU-101589,"John Anderson","Home Office",60,3,10480.34,5,1,1,7,"New Customer"
CU-102778,"Richard Lopez","Home Office",80,3,10387.38,5,1,1,7,"New Customer"
CU-101556,"Elizabeth Rodriguez",Corporate,115,3,10309.13,5,1,1,7,"New Customer"
CU-101477,"Lisa Johnson",Consumer,83,3,10226.16,5,1,1,7,"New Customer"
CU-101166,"Richard Rodriguez","Home Office",272,2,10125.73,4,2,1,7,"New Customer"
CU-101093,"Sarah Davis","Home Office",517,1,10115.41,2,4,1,7,"At Risk"
CU-102631,"Robert Williams",Consumer,64,3,10098.62,5,1,1,7,"New Customer"
CU-101546,"Linda Miller",Corporate,56,4,10062.58,5,1,1,7,"New Customer"
CU-100340,"Emma Smith",Consumer,90,3,10004.38,5,1,1,7,"New Customer"
CU-101131,"Linda Anderson",Consumer,74,3,9951.94,5,1,1,7,"New Customer"
CU-100945,"Joseph Rodriguez","Home Office",88,3,9880.21,5,1,1,7,"New Customer"
CU-100693,"Richard Garcia","Home Office",114,3,9855.23,5,1,1,7,"New Customer"
CU-101235,"Michael Williams",Corporate,65,3,9818.95,5,1,1,7,"New Customer"
CU-102850,"Patricia Garcia",Consumer,18,3,9583.11,5,1,1,7,"New Customer"
CU-101694,"Linda Gonzalez",Consumer,33,4,9574.05,5,1,1,7,"New Customer"
CU-101816,"James Wilson","Home Office",40,3,9446.60,5,1,1,7,"New Customer"
CU-101386,"Emma Garcia",Consumer,28,3,9422.22,5,1,1,7,"New Customer"
CU-100742,"Emma Smith",Consumer,263,2,9369.11,4,2,1,7,"New Customer"
CU-101126,"Jennifer Jones",Corporate,6,3,9348.41,5,1,1,7,"New Customer"
CU-100912,"Linda Hernandez",Consumer,34,3,9298.80,5,1,1,7,"New Customer"
CU-102920,"Robert Williams","Home Office",254,2,9294.47,4,2,1,7,"New Customer"
CU-101692,"Lisa Johnson",Corporate,654,1,9190.67,2,4,1,7,"At Risk"
CU-100719,"James Jones",Corporate,513,1,9175.44,2,4,1,7,"At Risk"
CU-101219,"James Jones","Home Office",597,1,9042.21,2,4,1,7,"At Risk"
CU-101492,"Patricia Williams","Home Office",26,3,9030.04,5,1,1,7,"New Customer"
CU-101918,"Michael Garcia",Consumer,263,2,8972.00,4,2,1,7,"New Customer"
CU-102926,"William Smith",Corporate,96,3,8971.20,5,1,1,7,"New Customer"
CU-100706,"John Anderson",Corporate,2,4,8959.23,5,1,1,7,"New Customer"
CU-102632,"Michael Anderson","Home Office",64,3,8946.00,5,1,1,7,"New Customer"
CU-102646,"Mary Garcia",Consumer,95,4,8915.95,5,1,1,7,"New Customer"
CU-102980,"William Lopez",Corporate,270,2,8874.32,4,2,1,7,"New Customer"
CU-100892,"Robert Gonzalez","Home Office",301,2,8752.01,3,2,2,7,Potential
CU-101287,"David Jones","Home Office",312,2,8746.36,3,2,2,7,Potential
CU-100801,"Emma Davis",Consumer,446,2,8728.79,3,2,2,7,Potential
CU-100887,"Jennifer Lopez","Home Office",258,4,8724.87,4,1,2,7,"New Customer"
CU-100078,"Jennifer Wilson",Consumer,281,2,8673.08,3,2,2,7,Potential
CU-102928,"David Lopez",Corporate,350,2,8660.99,3,2,2,7,Potential
CU-101867,"Robert Miller",Consumer,343,2,8642.90,3,2,2,7,Potential
CU-100455,"Richard Hernandez",Consumer,326,2,8634.59,3,2,2,7,Potential
CU-101146,"David Gonzalez","Home Office",284,2,8585.34,3,2,2,7,Potential
CU-100203,"David Miller","Home Office",425,2,8508.75,3,2,2,7,Potential
CU-100946,"Patricia Rodriguez",Consumer,433,2,8485.15,3,2,2,7,Potential
CU-102577,"Joseph Miller",Consumer,439,2,8477.59,3,2,2,7,Potential
CU-102935,"Robert Davis",Consumer,195,3,8463.70,4,1,2,7,"New Customer"
CU-100066,"Mary Anderson","Home Office",202,3,8415.81,4,1,2,7,"New Customer"
CU-100691,"Joseph Johnson",Consumer,389,2,8385.39,3,2,2,7,Potential
CU-100374,"Elizabeth Brown",Consumer,171,4,8315.99,4,1,2,7,"New Customer"
CU-100977,"Robert Smith","Home Office",207,3,8265.41,4,1,2,7,"New Customer"
CU-100980,"Linda Hernandez","Home Office",427,2,8259.62,3,2,2,7,Potential
CU-100197,"Joseph Rodriguez",Corporate,180,3,8236.54,4,1,2,7,"New Customer"
CU-101337,"Emma Williams","Home Office",899,1,8201.30,1,4,2,7,"At Risk"
CU-102337,"Emma Garcia",Consumer,424,2,8179.10,3,2,2,7,Potential
CU-102473,"Patricia Gonzalez","Home Office",799,1,8154.04,1,4,2,7,"At Risk"
CU-100933,"Mary Martinez",Consumer,305,2,8109.93,3,2,2,7,Potential
CU-102085,"Robert Jones",Consumer,761,1,8024.04,1,4,2,7,"At Risk"
CU-101077,"John Johnson","Home Office",858,1,7947.36,1,4,2,7,"At Risk"
CU-101476,"Mary Garcia",Corporate,484,2,7918.84,3,2,2,7,Potential
CU-100043,"Emma Hernandez",Corporate,199,3,7911.71,4,1,2,7,"New Customer"
CU-101104,"David Williams",Consumer,218,3,7893.28,4,1,2,7,"New Customer"
CU-101247,"Joseph Anderson",Consumer,288,2,7806.10,3,2,2,7,Potential
CU-102208,"Sarah Jones",Consumer,329,2,7742.88,3,2,2,7,Potential
CU-101487,"Emma Smith","Home Office",191,3,7739.80,4,1,2,7,"New Customer"
CU-101047,"Michael Anderson",Corporate,799,1,7724.96,1,4,2,7,"At Risk"
CU-100717,"John Williams","Home Office",300,2,7716.80,3,2,2,7,Potential
CU-100773,"John Williams",Consumer,339,2,7659.62,3,2,2,7,Potential
CU-102909,"Patricia Brown","Home Office",364,2,7653.12,3,2,2,7,Potential
CU-102964,"James Martinez",Corporate,472,2,7650.01,3,2,2,7,Potential
CU-100800,"James Garcia",Corporate,410,2,7615.60,3,2,2,7,Potential
CU-101273,"Joseph Garcia","Home Office",820,1,7549.99,1,4,2,7,"At Risk"
CU-101496,"Elizabeth Garcia","Home Office",471,2,7535.59,3,2,2,7,Potential
CU-102282,"David Jones",Corporate,341,2,7510.64,3,2,2,7,Potential
CU-100947,"David Davis",Consumer,346,2,7479.67,3,2,2,7,Potential
CU-100441,"Sarah Johnson",Corporate,473,2,7459.25,3,2,2,7,Potential
CU-100488,"Mary Brown","Home Office",179,3,7444.60,4,1,2,7,"New Customer"
CU-101710,"Sarah Gonzalez","Home Office",288,2,7417.73,3,2,2,7,Potential
CU-100092,"Mary Hernandez",Corporate,184,3,7387.37,4,1,2,7,"New Customer"
CU-102315,"Jennifer Martinez",Consumer,302,2,7350.32,3,2,2,7,Potential
CU-101582,"David Smith",Corporate,167,3,7336.35,4,1,2,7,"New Customer"
CU-101173,"James Wilson",Consumer,877,1,7319.49,1,4,2,7,"At Risk"
CU-100062,"Emma Johnson","Home Office",302,2,7290.52,3,2,2,7,Potential
CU-102827,"Elizabeth Hernandez","Home Office",881,1,7283.93,1,4,2,7,"At Risk"
CU-101647,"Lisa Wilson",Corporate,762,1,7275.83,1,4,2,7,"At Risk"
CU-101057,"Mary Garcia",Corporate,459,2,7271.82,3,2,2,7,Potential
CU-102623,"Sarah Martinez",Corporate,323,2,7262.83,3,2,2,7,Potential
CU-100490,"Mary Jones",Consumer,781,1,7236.92,1,4,2,7,"At Risk"
CU-100138,"Elizabeth Davis",Corporate,280,3,7181.41,4,1,2,7,"New Customer"
CU-100906,"James Miller",Consumer,386,2,7168.10,3,2,2,7,Potential
CU-101656,"Michael Williams",Consumer,351,2,7096.36,3,2,2,7,Potential
CU-102271,"Richard Anderson",Corporate,179,3,7088.15,4,1,2,7,"New Customer"
CU-101540,"Michael Wilson","Home Office",151,3,7025.42,4,1,2,7,"New Customer"
CU-100348,"Patricia Brown","Home Office",361,2,6998.75,3,2,2,7,Potential
CU-100711,"John Lopez","Home Office",393,2,6959.19,3,2,2,7,Potential
CU-100921,"Richard Miller","Home Office",801,1,6907.13,1,4,2,7,"At Risk"
CU-102354,"Jennifer Anderson","Home Office",123,3,6896.12,4,1,2,7,"New Customer"
CU-101706,"James Gonzalez","Home Office",822,1,6894.54,1,4,2,7,"At Risk"
CU-102342,"David Davis",Consumer,330,2,6822.06,3,2,2,7,Potential
CU-102916,"David Johnson",Consumer,135,3,6811.58,4,1,2,7,"New Customer"
CU-101996,"Linda Garcia",Corporate,834,1,6745.51,1,4,2,7,"At Risk"
CU-100428,"Robert Rodriguez",Corporate,146,3,6701.16,4,1,2,7,"New Customer"
CU-102378,"Linda Gonzalez",Corporate,320,2,6679.33,3,2,2,7,Potential
CU-100683,"Emma Williams",Corporate,274,3,6661.61,4,1,2,7,"New Customer"
CU-101257,"Linda Miller",Consumer,872,1,6650.90,1,4,2,7,"At Risk"
CU-102043,"Patricia Martinez","Home Office",270,3,6614.83,4,1,2,7,"New Customer"
CU-101702,"Joseph Hernandez",Consumer,427,2,6610.43,3,2,2,7,Potential
CU-100365,"Richard Garcia","Home Office",430,2,6571.00,3,2,2,7,Potential
CU-102011,"Joseph Lopez",Corporate,170,4,6562.21,4,1,2,7,"New Customer"
CU-102259,"Linda Johnson",Corporate,263,3,6553.63,4,1,2,7,"New Customer"
CU-100535,"James Miller","Home Office",206,3,6495.29,4,1,2,7,"New Customer"
CU-100570,"Linda Johnson",Consumer,890,1,6479.84,1,4,2,7,"At Risk"
CU-101472,"Michael Rodriguez",Consumer,812,1,6472.37,1,4,2,7,"At Risk"
CU-101053,"Joseph Wilson","Home Office",410,2,6427.34,3,2,2,7,Potential
CU-100774,"Jennifer Smith",Corporate,839,1,6418.87,1,4,2,7,"At Risk"
CU-101657,"Emma Wilson",Consumer,131,3,6330.68,4,1,2,7,"New Customer"
CU-100171,"Lisa Gonzalez",Corporate,419,2,6305.16,3,2,2,7,Potential
CU-100664,"Linda Brown",Corporate,847,1,6284.43,1,4,2,7,"At Risk"
CU-102987,"Elizabeth Martinez",Corporate,154,3,6244.85,4,1,2,7,"New Customer"
CU-102192,"Linda Anderson",Consumer,428,2,6234.76,3,2,2,7,Potential
CU-100566,"Michael Davis","Home Office",240,3,6158.92,4,1,2,7,"New Customer"
CU-100187,"Joseph Anderson","Home Office",873,1,6121.53,1,4,2,7,"At Risk"
CU-101016,"Lisa Gonzalez","Home Office",327,2,6079.11,3,2,2,7,Potential
CU-102072,"William Brown",Consumer,476,2,6075.61,3,2,2,7,Potential
CU-102911,"Joseph Johnson","Home Office",334,2,6067.35,3,2,2,7,Potential
CU-102049,"Emma Miller",Consumer,854,1,5978.86,1,4,2,7,"At Risk"
CU-101729,"Lisa Wilson","Home Office",442,2,5966.66,3,2,2,7,Potential
CU-101749,"Sarah Jones",Corporate,451,2,5944.77,3,2,2,7,Potential
CU-102655,"John Garcia","Home Office",698,2,5924.15,2,2,3,7,Lost
CU-100427,"Elizabeth Wilson","Home Office",931,1,5897.87,1,3,3,7,"At Risk"
CU-102254,"Linda Garcia",Corporate,1023,1,5895.37,1,3,3,7,"At Risk"
CU-102385,"David Garcia",Corporate,487,2,5837.23,2,2,3,7,Lost
CU-100842,"Elizabeth Gonzalez",Corporate,918,1,5780.19,1,3,3,7,"At Risk"
CU-100451,"Robert Gonzalez",Consumer,517,2,5778.83,2,2,3,7,Lost
CU-100975,"Linda Williams",Corporate,658,2,5770.59,2,2,3,7,Lost
CU-101958,"William Lopez",Consumer,942,1,5700.97,1,3,3,7,"At Risk"
CU-101319,"Sarah Johnson","Home Office",536,2,5689.71,2,2,3,7,Lost
CU-100613,"David Martinez","Home Office",534,2,5682.16,2,2,3,7,Lost
CU-101313,"Lisa Brown","Home Office",447,3,5678.31,3,1,3,7,Potential
CU-100550,"Lisa Williams",Corporate,1046,1,5656.34,1,3,3,7,"At Risk"
CU-100908,"Joseph Davis",Consumer,599,2,5614.99,2,2,3,7,Lost
CU-100844,"Emma Miller","Home Office",918,1,5597.64,1,3,3,7,"At Risk"
CU-101902,"Emma Miller","Home Office",1049,1,5559.54,1,3,3,7,"At Risk"
CU-101478,"Jennifer Wilson",Consumer,546,2,5519.16,2,2,3,7,Lost
CU-102309,"Michael Miller",Corporate,1046,1,5497.59,1,3,3,7,"At Risk"
CU-100794,"Sarah Martinez","Home Office",964,1,5482.87,1,3,3,7,"At Risk"
CU-102087,"Robert Davis","Home Office",599,2,5461.98,2,2,3,7,Lost
CU-101887,"Robert Anderson",Corporate,950,1,5452.51,1,3,3,7,"At Risk"
CU-101193,"Emma Williams","Home Office",1009,1,5434.66,1,3,3,7,"At Risk"
CU-100278,"Sarah Williams",Consumer,633,2,5428.17,2,2,3,7,Lost
CU-100418,"James Williams",Corporate,570,2,5425.22,2,2,3,7,Lost
CU-101894,"James Hernandez","Home Office",640,2,5394.16,2,2,3,7,Lost
CU-101460,"Robert Williams",Corporate,964,1,5393.55,1,3,3,7,"At Risk"
CU-100141,"John Davis",Corporate,540,2,5338.57,2,2,3,7,Lost
CU-102175,"Jennifer Lopez",Consumer,473,3,5314.09,3,1,3,7,Potential
CU-102372,"Elizabeth Smith",Consumer,537,2,5302.66,2,2,3,7,Lost
CU-100003,"John Rodriguez",Consumer,937,1,5166.49,1,3,3,7,"At Risk"
CU-101373,"Lisa Martinez","Home Office",339,3,5113.88,3,1,3,7,Potential
CU-100630,"Linda Lopez",Consumer,717,2,5098.45,2,2,3,7,Lost
CU-101711,"Mary Martinez","Home Office",929,1,5069.94,1,3,3,7,"At Risk"
CU-100982,"Robert Miller","Home Office",937,1,5049.81,1,3,3,7,"At Risk"
CU-102506,"Michael Brown",Consumer,739,2,5004.98,2,2,3,7,Lost
CU-102440,"Robert Smith",Consumer,512,2,4999.59,2,2,3,7,Lost
CU-101529,"Patricia Gonzalez","Home Office",1022,1,4978.14,1,3,3,7,"At Risk"
CU-101482,"Mary Smith","Home Office",283,3,4975.06,3,1,3,7,Potential
CU-101479,"Joseph Anderson",Consumer,386,3,4974.24,3,1,3,7,Potential
CU-100450,"Elizabeth Anderson",Consumer,718,2,4940.18,2,2,3,7,Lost
CU-100113,"Michael Miller",Corporate,319,3,4917.80,3,1,3,7,Potential
CU-101941,"Joseph Jones",Corporate,992,1,4872.89,1,3,3,7,"At Risk"
CU-102423,"Richard Rodriguez",Consumer,1058,1,4865.26,1,3,3,7,"At Risk"
CU-102663,"Lisa Garcia","Home Office",1020,1,4856.72,1,3,3,7,"At Risk"
CU-102915,"Patricia Miller","Home Office",930,1,4832.83,1,3,3,7,"At Risk"
CU-100913,"Joseph Lopez",Corporate,969,1,4826.17,1,3,3,7,"At Risk"
CU-102446,"Mary Johnson",Consumer,622,2,4808.06,2,2,3,7,Lost
CU-100331,"David Wilson",Corporate,1013,1,4795.41,1,3,3,7,"At Risk"
CU-100503,"Jennifer Lopez","Home Office",643,2,4766.86,2,2,3,7,Lost
CU-102608,"Elizabeth Garcia","Home Office",907,1,4756.07,1,3,3,7,"At Risk"
CU-101025,"Linda Lopez",Corporate,515,2,4754.51,2,2,3,7,Lost
CU-100622,"Emma Anderson",Consumer,605,2,4726.34,2,2,3,7,Lost
CU-100247,"Jennifer Garcia",Consumer,732,2,4726.00,2,2,3,7,Lost
CU-102420,"Mary Smith","Home Office",1060,1,4708.46,1,3,3,7,"At Risk"
CU-100005,"Linda Garcia",Corporate,964,1,4656.07,1,3,3,7,"At Risk"
CU-100937,"William Wilson",Corporate,968,1,4623.67,1,3,3,7,"At Risk"
CU-101336,"Robert Martinez",Corporate,530,2,4622.49,2,2,3,7,Lost
CU-100788,"Mary Jones","Home Office",991,1,4602.06,1,3,3,7,"At Risk"
CU-101251,"David Williams",Corporate,312,3,4576.50,3,1,3,7,Potential
CU-102967,"Lisa Garcia",Consumer,614,2,4572.45,2,2,3,7,Lost
CU-102983,"Jennifer Gonzalez","Home Office",968,1,4564.36,1,3,3,7,"At Risk"
CU-100551,"Elizabeth Williams",Consumer,1040,1,4525.50,1,3,3,7,"At Risk"
CU-102932,"Lisa Hernandez",Corporate,969,1,4502.19,1,3,3,7,"At Risk"
CU-101512,"William Williams",Corporate,1028,1,4441.81,1,3,3,7,"At Risk"
CU-101897,"John Martinez",Consumer,536,2,4429.37,2,2,3,7,Lost
CU-100100,"Jennifer Hernandez",Corporate,1027,1,4426.46,1,3,3,7,"At Risk"
CU-102460,"Sarah Smith",Consumer,491,2,4411.13,2,2,3,7,Lost
CU-102571,"Linda Hernandez",Consumer,713,2,4396.83,2,2,3,7,Lost
CU-101423,"Emma Williams",Corporate,935,1,4389.31,1,3,3,7,"At Risk"
CU-102442,"Lisa Hernandez","Home Office",969,1,4387.88,1,3,3,7,"At Risk"
CU-101299,"Mary Martinez",Consumer,929,1,4373.95,1,3,3,7,"At Risk"
CU-102912,"James Garcia",Consumer,982,1,4357.79,1,3,3,7,"At Risk"
CU-101942,"James Williams","Home Office",613,2,4332.50,2,2,3,7,Lost
CU-100879,"David Lopez","Home Office",731,2,4314.32,2,2,3,7,Lost
CU-102507,"Linda Johnson","Home Office",726,2,4303.32,2,2,3,7,Lost
CU-101276,"Robert Wilson",Consumer,652,2,4270.64,2,2,3,7,Lost
CU-101050,"Jennifer Brown","Home Office",545,2,4255.41,2,2,3,7,Lost
CU-101172,"Michael Rodriguez","Home Office",943,1,4240.29,1,3,3,7,"At Risk"
CU-102379,"Emma Smith",Corporate,442,3,4178.76,3,1,3,7,Potential
CU-102296,"William Williams",Consumer,1060,1,4116.00,1,3,3,7,"At Risk"
CU-102921,"Robert Lopez","Home Office",536,2,4096.11,2,2,3,7,Lost
CU-101422,"Richard Anderson",Consumer,1080,1,4095.95,1,3,3,7,"At Risk"
CU-102544,"William Davis",Corporate,925,1,4091.40,1,3,3,7,"At Risk"
CU-101932,"Michael Miller","Home Office",555,2,4062.68,2,2,3,7,Lost
CU-102267,"Patricia Wilson","Home Office",1078,1,4035.23,1,3,3,7,"At Risk"
CU-102199,"James Smith",Consumer,1083,1,4027.55,1,3,3,7,"At Risk"
CU-102730,"Michael Garcia",Corporate,292,3,4018.36,3,1,3,7,Potential
CU-101382,"Sarah Anderson","Home Office",567,2,4001.06,2,2,3,7,Lost
CU-101883,"Lisa Anderson","Home Office",959,1,3994.47,1,3,3,7,"At Risk"
CU-100101,"David Smith",Consumer,969,1,3983.34,1,3,3,7,"At Risk"
CU-102798,"David Jones","Home Office",665,2,3946.86,2,2,3,7,Lost
CU-102190,"Richard Wilson",Corporate,638,3,3870.52,2,1,4,7,Lost
CU-100607,"David Gonzalez",Consumer,988,2,3801.20,1,2,4,7,Lost
CU-100127,"Jennifer Brown",Consumer,644,3,3698.53,2,1,4,7,Lost
CU-101106,"Elizabeth Rodriguez","Home Office",750,2,3598.65,1,2,4,7,Lost
CU-101978,"Linda Hernandez",Consumer,950,2,3523.92,1,2,4,7,Lost
CU-102989,"Elizabeth Wilson","Home Office",782,2,3492.76,1,2,4,7,Lost
CU-101550,"Robert Garcia",Corporate,815,2,3489.88,1,2,4,7,Lost
CU-102934,"William Williams",Corporate,914,2,3395.43,1,2,4,7,Lost
CU-100437,"William Lopez",Corporate,823,2,3366.41,1,2,4,7,Lost
CU-102350,"Lisa Martinez",Corporate,935,2,3136.89,1,2,4,7,Lost
CU-101042,"James Garcia","Home Office",848,2,3035.17,1,2,4,7,Lost
CU-100744,"Elizabeth Davis","Home Office",864,2,2654.70,1,2,4,7,Lost
CU-102664,"John Brown","Home Office",786,2,2393.80,1,2,4,7,Lost
CU-101200,"Lisa Anderson",Corporate,759,2,2200.34,1,2,4,7,Lost
CU-102266,"Linda Smith",Consumer,997,2,1858.77,1,1,5,7,Lost
CU-102982,"Patricia Johnson","Home Office",843,3,1724.46,1,1,5,7,Lost
CU-100539,"Jennifer Garcia","Home Office",160,5,32508.60,4,1,1,6,"New Customer"
CU-101926,"John Brown","Home Office",177,4,26003.99,4,1,1,6,"New Customer"
CU-101789,"Sarah Jones",Corporate,240,4,23625.77,4,1,1,6,"New Customer"
CU-100684,"Linda Johnson","Home Office",144,6,22905.60,4,1,1,6,"New Customer"
CU-102383,"Sarah Davis",Corporate,285,2,21154.98,3,2,1,6,Potential
CU-100423,"Elizabeth Williams","Home Office",187,4,19187.56,4,1,1,6,"New Customer"
CU-102606,"James Lopez","Home Office",232,3,18831.29,4,1,1,6,"New Customer"
CU-101663,"Jennifer Brown",Corporate,130,3,18700.88,4,1,1,6,"New Customer"
CU-101864,"Jennifer Miller",Corporate,146,4,18468.75,4,1,1,6,"New Customer"
CU-100576,"Elizabeth Garcia",Corporate,241,4,18276.69,4,1,1,6,"New Customer"
CU-101175,"David Gonzalez",Consumer,250,7,18035.06,4,1,1,6,"New Customer"
CU-100992,"Elizabeth Davis",Consumer,174,4,18012.10,4,1,1,6,"New Customer"
CU-101579,"Lisa Lopez",Corporate,215,5,17704.52,4,1,1,6,"New Customer"
CU-102851,"John Williams",Consumer,176,4,17572.85,4,1,1,6,"New Customer"
CU-102275,"John Miller",Consumer,152,5,17452.86,4,1,1,6,"New Customer"
CU-102145,"Joseph Anderson","Home Office",150,3,17448.90,4,1,1,6,"New Customer"
CU-102468,"David Davis",Consumer,215,4,17144.73,4,1,1,6,"New Customer"
CU-102995,"Emma Gonzalez",Consumer,139,3,16467.23,4,1,1,6,"New Customer"
CU-102969,"Lisa Miller","Home Office",183,5,16442.35,4,1,1,6,"New Customer"
CU-101035,"William Garcia",Consumer,271,4,16090.85,4,1,1,6,"New Customer"
CU-102237,"William Hernandez",Consumer,257,6,15984.73,4,1,1,6,"New Customer"
CU-101111,"Sarah Lopez",Consumer,249,4,15921.92,4,1,1,6,"New Customer"
CU-100905,"Jennifer Anderson","Home Office",258,3,15554.23,4,1,1,6,"New Customer"
CU-102683,"Joseph Rodriguez",Consumer,477,2,15355.09,3,2,1,6,Potential
CU-100878,"Robert Martinez","Home Office",267,3,15307.36,4,1,1,6,"New Customer"
CU-100657,"John Garcia",Corporate,132,4,14954.24,4,1,1,6,"New Customer"
CU-102455,"Jennifer Davis",Consumer,266,3,14827.05,4,1,1,6,"New Customer"
CU-101746,"Lisa Jones",Consumer,121,3,14459.55,4,1,1,6,"New Customer"
CU-102343,"John Anderson",Corporate,132,3,14395.50,4,1,1,6,"New Customer"
CU-100446,"Sarah Anderson",Consumer,143,4,14329.54,4,1,1,6,"New Customer"
CU-100369,"Patricia Garcia",Corporate,368,2,14280.81,3,2,1,6,Potential
CU-100477,"Richard Johnson","Home Office",161,4,14276.59,4,1,1,6,"New Customer"
CU-102993,"Mary Garcia",Consumer,473,2,14177.51,3,2,1,6,Potential
CU-101793,"Michael Hernandez","Home Office",276,5,14097.40,4,1,1,6,"New Customer"
CU-102727,"Emma Williams","Home Office",214,3,13942.67,4,1,1,6,"New Customer"
CU-100227,"Lisa Brown",Consumer,232,3,13941.00,4,1,1,6,"New Customer"
CU-102517,"Joseph Garcia",Corporate,153,4,13887.02,4,1,1,6,"New Customer"
CU-102359,"James Hernandez",Consumer,210,4,13814.17,4,1,1,6,"New Customer"
CU-100162,"Richard Davis",Corporate,342,2,13709.46,3,2,1,6,Potential
CU-100897,"Joseph Lopez",Consumer,246,4,13612.77,4,1,1,6,"New Customer"
CU-102994,"James Wilson",Consumer,246,4,13606.36,4,1,1,6,"New Customer"
CU-101293,"Linda Martinez",Consumer,272,3,13552.14,4,1,1,6,"New Customer"
CU-102047,"James Hernandez",Consumer,177,3,13532.81,4,1,1,6,"New Customer"
CU-102388,"Patricia Brown","Home Office",191,4,13407.52,4,1,1,6,"New Customer"
CU-100990,"Sarah Lopez",Corporate,172,3,13342.86,4,1,1,6,"New Customer"
CU-100026,"Mary Miller",Consumer,323,2,13328.51,3,2,1,6,Potential
CU-102166,"David Gonzalez","Home Office",260,3,13215.53,4,1,1,6,"New Customer"
CU-101562,"David Brown",Consumer,355,2,13156.89,3,2,1,6,Potential
CU-102251,"Robert Brown","Home Office",359,2,12960.15,3,2,1,6,Potential
CU-102108,"Lisa Jones",Corporate,177,3,12944.33,4,1,1,6,"New Customer"
CU-102431,"Elizabeth Garcia",Consumer,148,3,12941.69,4,1,1,6,"New Customer"
CU-102551,"Emma Davis",Corporate,293,2,12909.24,3,2,1,6,Potential
CU-100274,"Patricia Smith",Consumer,143,3,12756.51,4,1,1,6,"New Customer"
CU-101860,"Linda Gonzalez","Home Office",188,3,12722.45,4,1,1,6,"New Customer"
CU-101268,"Linda Brown","Home Office",154,3,12657.06,4,1,1,6,"New Customer"
CU-100988,"David Davis","Home Office",189,3,12612.61,4,1,1,6,"New Customer"
CU-102799,"Patricia Davis",Corporate,154,4,12537.65,4,1,1,6,"New Customer"
CU-101577,"William Wilson",Consumer,458,2,12531.42,3,2,1,6,Potential
CU-102019,"Mary Lopez","Home Office",137,3,12442.77,4,1,1,6,"New Customer"
CU-100310,"Lisa Garcia",Corporate,162,4,12326.73,4,1,1,6,"New Customer"
CU-101714,"Jennifer Johnson",Corporate,204,3,12038.73,4,1,1,6,"New Customer"
CU-100925,"Sarah Smith","Home Office",131,3,11901.66,4,1,1,6,"New Customer"
CU-100776,"Richard Hernandez",Consumer,386,2,11899.49,3,2,1,6,Potential
CU-101686,"Sarah Rodriguez",Consumer,189,4,11886.00,4,1,1,6,"New Customer"
CU-101770,"John Hernandez",Consumer,189,3,11872.11,4,1,1,6,"New Customer"
CU-102023,"Elizabeth Jones","Home Office",325,2,11827.13,3,2,1,6,Potential
CU-100143,"William Rodriguez",Consumer,172,3,11816.45,4,1,1,6,"New Customer"
CU-102226,"Lisa Martinez",Corporate,186,3,11579.43,4,1,1,6,"New Customer"
CU-102620,"James Miller",Consumer,158,3,11574.77,4,1,1,6,"New Customer"
CU-102295,"Elizabeth Miller","Home Office",143,3,11506.41,4,1,1,6,"New Customer"
CU-101675,"Mary Lopez","Home Office",332,2,11406.33,3,2,1,6,Potential
CU-102391,"David Hernandez",Consumer,148,4,11348.35,4,1,1,6,"New Customer"
CU-100855,"Jennifer Johnson",Corporate,472,2,11302.81,3,2,1,6,Potential
CU-102222,"Patricia Rodriguez","Home Office",332,2,11299.71,3,2,1,6,Potential
CU-102826,"Lisa Wilson",Consumer,195,3,11275.86,4,1,1,6,"New Customer"
CU-100854,"Sarah Rodriguez",Consumer,297,2,11202.77,3,2,1,6,Potential
CU-102412,"Elizabeth Williams",Consumer,205,3,11106.11,4,1,1,6,"New Customer"
CU-100316,"Michael Jones","Home Office",299,2,11092.20,3,2,1,6,Potential
CU-100710,"Lisa Williams",Consumer,203,3,10966.40,4,1,1,6,"New Customer"
CU-101670,"Linda Smith",Consumer,244,5,10866.26,4,1,1,6,"New Customer"
CU-101826,"Jennifer Williams",Consumer,478,2,10830.65,3,2,1,6,Potential
CU-100161,"Jennifer Johnson","Home Office",160,3,10644.39,4,1,1,6,"New Customer"
CU-102303,"Mary Martinez","Home Office",375,2,10623.13,3,2,1,6,Potential
CU-100198,"Richard Davis",Corporate,234,3,10621.92,4,1,1,6,"New Customer"
CU-101514,"John Johnson","Home Office",249,3,10550.61,4,1,1,6,"New Customer"
CU-102157,"Linda Miller",Consumer,315,2,10531.02,3,2,1,6,Potential
CU-101753,"William Smith",Corporate,167,3,10525.70,4,1,1,6,"New Customer"
CU-100916,"Richard Davis","Home Office",256,3,10361.97,4,1,1,6,"New Customer"
CU-101537,"Emma Gonzalez",Corporate,820,1,10332.46,1,4,1,6,"At Risk"
CU-102785,"William Martinez",Corporate,370,2,10328.18,3,2,1,6,Potential
CU-101350,"Elizabeth Johnson","Home Office",135,3,10231.41,4,1,1,6,"New Customer"
CU-100635,"Patricia Lopez",Consumer,167,3,10207.76,4,1,1,6,"New Customer"
CU-101653,"Emma Smith",Consumer,153,3,10163.85,4,1,1,6,"New Customer"
CU-100669,"Patricia Brown",Corporate,339,2,10154.00,3,2,1,6,Potential
CU-102523,"Jennifer Martinez",Consumer,258,3,10109.44,4,1,1,6,"New Customer"
CU-100658,"Michael Jones","Home Office",244,3,10085.42,4,1,1,6,"New Customer"
CU-101034,"James Jones",Corporate,361,2,10084.55,3,2,1,6,Potential
CU-100251,"Lisa Jones",Consumer,215,3,10079.22,4,1,1,6,"New Customer"
CU-101243,"James Anderson",Corporate,386,2,10011.85,3,2,1,6,Potential
CU-101548,"Robert Hernandez","Home Office",387,2,9900.34,3,2,1,6,Potential
CU-102622,"Emma Rodriguez",Corporate,300,2,9826.70,3,2,1,6,Potential
CU-100972,"John Anderson","Home Office",324,2,9799.61,3,2,1,6,Potential
CU-101164,"Richard Anderson",Consumer,432,2,9686.50,3,2,1,6,Potential
CU-100223,"Mary Gonzalez",Consumer,899,1,9584.89,1,4,1,6,"At Risk"
CU-102936,"John Hernandez",Consumer,384,2,9563.15,3,2,1,6,Potential
CU-100486,"Sarah Miller",Corporate,238,3,9483.66,4,1,1,6,"New Customer"
CU-101528,"John Martinez",Consumer,247,3,9459.97,4,1,1,6,"New Customer"
CU-102685,"Elizabeth Wilson",Consumer,829,1,9393.86,1,4,1,6,"At Risk"
CU-100129,"Joseph Lopez",Corporate,157,4,9390.79,4,1,1,6,"New Customer"
CU-101834,"Mary Gonzalez",Consumer,185,3,9280.75,4,1,1,6,"New Customer"
CU-101277,"David Davis","Home Office",126,3,9240.72,4,1,1,6,"New Customer"
CU-101946,"Linda Anderson",Consumer,203,3,9204.52,4,1,1,6,"New Customer"
CU-100480,"Mary Davis","Home Office",195,4,9175.69,4,1,1,6,"New Customer"
CU-100380,"Patricia Davis","Home Office",258,3,9133.67,4,1,1,6,"New Customer"
CU-102330,"David Garcia",Consumer,307,2,9084.85,3,2,1,6,Potential
CU-102221,"Linda Wilson","Home Office",179,3,9073.85,4,1,1,6,"New Customer"
CU-102050,"Emma Williams","Home Office",169,3,9043.62,4,1,1,6,"New Customer"
CU-101995,"Mary Smith","Home Office",395,2,9042.81,3,2,1,6,Potential
CU-101797,"Joseph Gonzalez",Consumer,763,1,8959.52,1,4,1,6,"At Risk"
CU-101964,"Robert Williams",Consumer,314,2,8938.09,3,2,1,6,Potential
CU-102497,"Robert Miller",Consumer,347,2,8891.99,3,2,1,6,Potential
CU-101381,"James Martinez",Corporate,130,3,8856.64,4,1,1,6,"New Customer"
CU-101269,"Lisa Davis",Corporate,411,2,8850.29,3,2,1,6,Potential
CU-102200,"Emma Johnson",Consumer,263,3,8836.31,4,1,1,6,"New Customer"
CU-102769,"David Jones",Consumer,324,2,8806.11,3,2,1,6,Potential
CU-100705,"William Williams",Consumer,242,3,8805.43,4,1,1,6,"New Customer"
CU-101684,"Emma Lopez",Consumer,171,4,8786.30,4,1,1,6,"New Customer"
CU-101022,"Emma Garcia",Corporate,978,1,8718.79,1,3,2,6,"At Risk"
CU-102642,"Patricia Wilson",Corporate,455,4,8706.16,3,1,2,6,Potential
CU-101939,"Mary Martinez","Home Office",599,2,8695.73,2,2,2,6,Lost
CU-102589,"Richard Williams","Home Office",467,3,8595.97,3,1,2,6,Potential
CU-100578,"Emma Smith",Corporate,694,2,8587.85,2,2,2,6,Lost
CU-102067,"Lisa Hernandez","Home Office",489,2,8496.01,2,2,2,6,Lost
CU-100495,"Sarah Rodriguez",Corporate,684,2,8485.82,2,2,2,6,Lost
CU-102820,"Lisa Williams",Consumer,690,2,8466.40,2,2,2,6,Lost
CU-102066,"Patricia Brown","Home Office",540,2,8419.43,2,2,2,6,Lost
CU-102400,"Richard Williams",Corporate,540,2,8371.90,2,2,2,6,Lost
CU-100121,"John Johnson","Home Office",595,2,8331.84,2,2,2,6,Lost
CU-100146,"John Johnson",Corporate,613,2,8317.93,2,2,2,6,Lost
CU-102396,"Patricia Miller",Corporate,480,3,8311.44,3,1,2,6,Potential
CU-102905,"Patricia Hernandez",Consumer,582,2,8199.88,2,2,2,6,Lost
CU-100481,"Richard Wilson",Consumer,1012,1,8183.75,1,3,2,6,"At Risk"
CU-102040,"William Jones",Corporate,967,1,8160.62,1,3,2,6,"At Risk"
CU-101600,"John Davis",Consumer,656,2,8124.43,2,2,2,6,Lost
CU-101896,"David Davis",Corporate,325,3,8102.69,3,1,2,6,Potential
CU-102522,"Elizabeth Martinez",Consumer,346,3,8029.41,3,1,2,6,Potential
CU-101909,"James Rodriguez","Home Office",403,3,8014.14,3,1,2,6,Potential
CU-101899,"Michael Hernandez",Consumer,521,2,7977.12,2,2,2,6,Lost
CU-102159,"Elizabeth Williams",Consumer,325,3,7957.46,3,1,2,6,Potential
CU-101878,"Robert Smith",Consumer,1052,1,7939.02,1,3,2,6,"At Risk"
CU-101983,"Sarah Williams",Corporate,521,2,7905.40,2,2,2,6,Lost
CU-101709,"Patricia Jones","Home Office",1043,1,7772.79,1,3,2,6,"At Risk"
CU-101615,"Sarah Davis",Corporate,600,2,7747.94,2,2,2,6,Lost
CU-101631,"Michael Smith",Consumer,315,3,7674.77,3,1,2,6,Potential
CU-101054,"Joseph Williams","Home Office",493,2,7625.68,2,2,2,6,Lost
CU-101017,"Jennifer Gonzalez","Home Office",648,2,7603.67,2,2,2,6,Lost
CU-100525,"Richard Davis","Home Office",434,3,7595.25,3,1,2,6,Potential
CU-100958,"David Williams",Consumer,519,2,7591.64,2,2,2,6,Lost
CU-101140,"Robert Rodriguez","Home Office",649,2,7565.32,2,2,2,6,Lost
CU-101405,"John Davis","Home Office",328,3,7564.57,3,1,2,6,Potential
CU-100449,"Emma Anderson",Corporate,344,3,7513.85,3,1,2,6,Potential
CU-102484,"Sarah Rodriguez",Corporate,502,2,7496.44,2,2,2,6,Lost
CU-101083,"Sarah Wilson","Home Office",521,2,7430.29,2,2,2,6,Lost
CU-100984,"Mary Martinez",Corporate,407,3,7410.87,3,1,2,6,Potential
CU-102515,"Jennifer Martinez","Home Office",502,2,7408.64,2,2,2,6,Lost
CU-101359,"David Smith",Consumer,488,2,7404.15,2,2,2,6,Lost
CU-101738,"Emma Hernandez","Home Office",601,2,7339.07,2,2,2,6,Lost
CU-100269,"Robert Williams","Home Office",566,2,7331.30,2,2,2,6,Lost
CU-101925,"James Hernandez",Consumer,713,2,7308.00,2,2,2,6,Lost
CU-102121,"Sarah Gonzalez","Home Office",583,2,7300.15,2,2,2,6,Lost
CU-100112,"David Brown",Corporate,729,2,7289.87,2,2,2,6,Lost
CU-101817,"Linda Garcia",Consumer,618,2,7268.23,2,2,2,6,Lost
CU-102454,"David Brown","Home Office",721,2,7195.98,2,2,2,6,Lost
CU-100164,"Robert Hernandez",Consumer,721,2,7160.01,2,2,2,6,Lost
CU-101953,"Emma Gonzalez",Consumer,1025,1,7146.01,1,3,2,6,"At Risk"
CU-100044,"Linda Davis","Home Office",1095,1,7107.43,1,3,2,6,"At Risk"
CU-101599,"Jennifer Garcia","Home Office",678,2,7092.51,2,2,2,6,Lost
CU-101843,"Lisa Anderson",Corporate,980,1,7081.80,1,3,2,6,"At Risk"
CU-101913,"Robert Davis",Consumer,520,2,7081.38,2,2,2,6,Lost
CU-100579,"Jennifer Rodriguez",Consumer,621,2,7046.04,2,2,2,6,Lost
CU-100625,"William Johnson",Corporate,671,2,7005.39,2,2,2,6,Lost
CU-101698,"Lisa Miller",Consumer,668,2,6992.45,2,2,2,6,Lost
CU-102252,"Patricia Smith",Corporate,1092,1,6978.63,1,3,2,6,"At Risk"
CU-101267,"Michael Gonzalez",Corporate,950,1,6972.29,1,3,2,6,"At Risk"
CU-100422,"William Hernandez","Home Office",717,2,6954.04,2,2,2,6,Lost
CU-100083,"John Hernandez",Consumer,502,2,6948.44,2,2,2,6,Lost
CU-102469,"James Garcia","Home Office",708,2,6944.10,2,2,2,6,Lost
CU-102598,"John Davis","Home Office",367,3,6936.93,3,1,2,6,Potential
CU-101145,"Joseph Smith",Consumer,723,2,6789.86,2,2,2,6,Lost
CU-101467,"Elizabeth Lopez",Consumer,680,2,6770.48,2,2,2,6,Lost
CU-100258,"David Jones","Home Office",372,3,6758.15,3,1,2,6,Potential
CU-101454,"Joseph Lopez",Corporate,379,3,6711.65,3,1,2,6,Potential
CU-101566,"Robert Jones",Corporate,666,2,6703.26,2,2,2,6,Lost
CU-100787,"John Rodriguez","Home Office",303,3,6680.39,3,1,2,6,Potential
CU-100900,"Jennifer Williams","Home Office",472,3,6670.15,3,1,2,6,Potential
CU-101730,"Emma Rodriguez",Corporate,656,2,6667.10,2,2,2,6,Lost
CU-100297,"Patricia Lopez","Home Office",571,2,6631.28,2,2,2,6,Lost
CU-101366,"Lisa Lopez",Corporate,647,2,6604.53,2,2,2,6,Lost
CU-102008,"Mary Jones","Home Office",508,2,6590.77,2,2,2,6,Lost
CU-100981,"Linda Martinez",Corporate,1080,1,6574.29,1,3,2,6,"At Risk"
CU-100237,"Elizabeth Johnson",Consumer,374,3,6551.58,3,1,2,6,Potential
CU-101216,"William Garcia","Home Office",942,1,6536.72,1,3,2,6,"At Risk"
CU-102615,"Linda Jones","Home Office",370,3,6526.27,3,1,2,6,Potential
CU-100572,"Patricia Miller",Corporate,561,2,6416.04,2,2,2,6,Lost
CU-100709,"Sarah Gonzalez",Consumer,712,2,6409.07,2,2,2,6,Lost
CU-102048,"William Williams",Consumer,403,3,6388.91,3,1,2,6,Potential
CU-102974,"Jennifer Rodriguez",Consumer,1027,1,6385.55,1,3,2,6,"At Risk"
CU-100396,"Lisa Davis",Corporate,485,2,6383.96,2,2,2,6,Lost
CU-101871,"Richard Jones",Consumer,720,2,6364.16,2,2,2,6,Lost
CU-102937,"Emma Gonzalez","Home Office",741,2,6274.46,2,2,2,6,Lost
CU-101463,"William Jones","Home Office",919,1,6244.10,1,3,2,6,"At Risk"
CU-101384,"Jennifer Lopez",Corporate,435,3,6223.35,3,1,2,6,Potential
CU-101699,"David Anderson","Home Office",486,2,6221.16,2,2,2,6,Lost
CU-101598,"John Jones",Corporate,486,2,6202.75,2,2,2,6,Lost
CU-102728,"Linda Anderson",Corporate,340,3,6182.13,3,1,2,6,Potential
CU-100696,"Joseph Smith",Consumer,677,2,6170.17,2,2,2,6,Lost
CU-102510,"Mary Martinez",Consumer,680,2,6164.21,2,2,2,6,Lost
CU-100648,"Richard Johnson","Home Office",526,2,6145.55,2,2,2,6,Lost
CU-102601,"Mary Garcia",Consumer,548,2,6091.14,2,2,2,6,Lost
CU-102419,"Mary Davis",Consumer,726,2,6024.31,2,2,2,6,Lost
CU-101951,"William Martinez",Corporate,1026,1,5978.13,1,3,2,6,"At Risk"
CU-102682,"Lisa Anderson",Corporate,556,3,5848.74,2,1,3,6,Lost
CU-102057,"Patricia Lopez",Consumer,558,3,5776.45,2,1,3,6,Lost
CU-100816,"Joseph Lopez","Home Office",836,2,5747.46,1,2,3,6,Lost
CU-102562,"Robert Lopez",Consumer,873,2,5596.46,1,2,3,6,Lost
CU-102433,"Sarah Martinez",Corporate,752,2,5518.43,1,2,3,6,Lost
CU-102715,"Patricia Gonzalez",Corporate,828,2,5501.54,1,2,3,6,Lost
CU-100471,"Joseph Hernandez",Corporate,835,2,5294.00,1,2,3,6,Lost
CU-101346,"Sarah Hernandez","Home Office",989,2,5114.80,1,2,3,6,Lost
CU-102382,"Joseph Smith",Consumer,937,2,5090.59,1,2,3,6,Lost
CU-101780,"Robert Wilson","Home Office",806,2,5087.79,1,2,3,6,Lost
CU-100640,"Mary Brown","Home Office",815,2,4919.03,1,2,3,6,Lost
CU-102795,"Lisa Wilson","Home Office",731,3,4880.05,2,1,3,6,Lost
CU-101727,"John Gonzalez",Consumer,914,2,4793.58,1,2,3,6,Lost
CU-100494,"Jennifer Jones","Home Office",763,2,4758.36,1,2,3,6,Lost
CU-101191,"Linda Jones","Home Office",840,2,4749.86,1,2,3,6,Lost
CU-100727,"Joseph Smith",Corporate,867,2,4740.54,1,2,3,6,Lost
CU-101098,"Patricia Davis",Consumer,514,3,4676.27,2,1,3,6,Lost
CU-101530,"Richard Johnson",Corporate,613,3,4611.96,2,1,3,6,Lost
CU-102566,"Richard Martinez",Corporate,781,2,4577.86,1,2,3,6,Lost
CU-100147,"Jennifer Jones","Home Office",931,2,4366.74,1,2,3,6,Lost
CU-100152,"Mary Johnson",Consumer,973,2,4360.78,1,2,3,6,Lost
CU-101099,"John Martinez",Corporate,933,2,4281.18,1,2,3,6,Lost
CU-101519,"James Gonzalez","Home Office",970,2,3992.44,1,2,3,6,Lost
CU-102234,"Sarah Martinez",Corporate,848,2,3954.89,1,2,3,6,Lost
CU-101934,"Lisa Martinez",Consumer,418,7,26576.56,3,1,1,5,Potential
CU-101543,"William Johnson","Home Office",368,4,19096.23,3,1,1,5,Potential
CU-102349,"Linda Brown",Corporate,626,2,18658.31,2,2,1,5,Lost
CU-100512,"James Jones",Corporate,299,3,18343.71,3,1,1,5,Potential
CU-100382,"Linda Gonzalez",Corporate,463,4,17002.23,3,1,1,5,Potential
CU-102633,"Lisa Davis",Consumer,314,6,16940.31,3,1,1,5,Potential
CU-100724,"Lisa Martinez",Corporate,444,3,16183.72,3,1,1,5,Potential
CU-101425,"Linda Hernandez","Home Office",317,4,16049.17,3,1,1,5,Potential
CU-101869,"Michael Williams",Consumer,424,4,16002.40,3,1,1,5,Potential
CU-100562,"John Lopez",Corporate,643,2,15941.67,2,2,1,5,Lost
CU-100195,"James Anderson","Home Office",423,4,15869.05,3,1,1,5,Potential
CU-102563,"William Martinez",Corporate,455,4,15867.54,3,1,1,5,Potential
CU-100682,"Robert Williams","Home Office",464,3,15677.62,3,1,1,5,Potential
CU-100991,"Mary Lopez","Home Office",403,3,15624.61,3,1,1,5,Potential
CU-100159,"Michael Martinez","Home Office",281,3,15190.62,3,1,1,5,Potential
CU-101602,"Michael Johnson","Home Office",353,3,14993.42,3,1,1,5,Potential
CU-102155,"Mary Johnson","Home Office",281,4,14906.97,3,1,1,5,Potential
CU-101664,"James Smith",Consumer,354,4,14825.57,3,1,1,5,Potential
CU-102654,"Emma Wilson","Home Office",422,4,14215.62,3,1,1,5,Potential
CU-100830,"Linda Jones",Consumer,309,3,14110.64,3,1,1,5,Potential
CU-100740,"Elizabeth Williams",Consumer,285,5,13662.80,3,1,1,5,Potential
CU-102395,"Joseph Lopez",Corporate,368,4,13647.58,3,1,1,5,Potential
CU-101322,"Jennifer Lopez","Home Office",495,2,13626.25,2,2,1,5,Lost
CU-102229,"Michael Williams","Home Office",283,4,13601.66,3,1,1,5,Potential
CU-100610,"Emma Williams",Corporate,534,2,13508.42,2,2,1,5,Lost
CU-101984,"Joseph Williams",Corporate,442,3,13490.06,3,1,1,5,Potential
CU-102291,"David Brown",Corporate,439,3,13450.81,3,1,1,5,Potential
CU-102691,"Sarah Johnson",Corporate,483,4,13290.09,3,1,1,5,Potential
CU-100950,"Sarah Hernandez",Consumer,371,3,13226.74,3,1,1,5,Potential
CU-102034,"Mary Hernandez","Home Office",513,2,13207.34,2,2,1,5,Lost
CU-102099,"Sarah Jones",Consumer,327,4,13153.91,3,1,1,5,Potential
CU-101859,"James Gonzalez",Consumer,331,4,13058.19,3,1,1,5,Potential
CU-101697,"Michael Johnson",Corporate,612,2,12788.02,2,2,1,5,Lost
CU-102948,"Linda Hernandez",Corporate,472,3,12660.91,3,1,1,5,Potential
CU-101755,"Jennifer Anderson",Consumer,296,3,12304.73,3,1,1,5,Potential
CU-102140,"David Anderson",Corporate,474,3,12258.07,3,1,1,5,Potential
CU-100304,"Joseph Smith",Consumer,369,3,12201.79,3,1,1,5,Potential
CU-101884,"Richard Anderson","Home Office",336,3,12154.03,3,1,1,5,Potential
CU-101168,"James Davis","Home Office",296,3,12147.69,3,1,1,5,Potential
CU-101406,"Joseph Wilson","Home Office",317,3,12086.18,3,1,1,5,Potential
CU-102196,"James Hernandez","Home Office",316,4,11572.36,3,1,1,5,Potential
CU-101437,"Sarah Hernandez",Corporate,362,3,11520.56,3,1,1,5,Potential
CU-100728,"Michael Garcia",Corporate,319,3,11455.59,3,1,1,5,Potential
CU-101097,"David Davis",Corporate,375,4,11414.79,3,1,1,5,Potential
CU-101026,"William Davis",Consumer,468,3,11348.79,3,1,1,5,Potential
CU-102384,"Patricia Hernandez",Consumer,403,3,11254.10,3,1,1,5,Potential
CU-102614,"Linda Miller",Consumer,441,4,11243.99,3,1,1,5,Potential
CU-101397,"Elizabeth Wilson",Corporate,1048,1,11234.73,1,3,1,5,"At Risk"
CU-101374,"Elizabeth Martinez",Consumer,286,3,11158.54,3,1,1,5,Potential
CU-100205,"Michael Wilson",Corporate,434,4,11113.37,3,1,1,5,Potential
CU-100754,"Robert Gonzalez",Consumer,435,3,11013.85,3,1,1,5,Potential
CU-102077,"Patricia Smith",Consumer,294,4,10939.26,3,1,1,5,Potential
CU-101937,"Elizabeth Davis",Corporate,359,3,10910.12,3,1,1,5,Potential
CU-102009,"Richard Johnson",Consumer,600,2,10823.15,2,2,1,5,Lost
CU-102770,"Joseph Davis",Consumer,486,2,10796.58,2,2,1,5,Lost
CU-100943,"Sarah Rodriguez",Corporate,284,3,10787.96,3,1,1,5,Potential
CU-100751,"Elizabeth Martinez",Consumer,573,2,10650.57,2,2,1,5,Lost
CU-100377,"Mary Anderson",Corporate,570,2,10620.10,2,2,1,5,Lost
CU-101627,"Sarah Hernandez","Home Office",578,2,10552.82,2,2,1,5,Lost
CU-100780,"John Miller",Consumer,546,2,10438.67,2,2,1,5,Lost
CU-101469,"David Garcia",Corporate,580,2,10433.80,2,2,1,5,Lost
CU-100803,"Mary Miller",Consumer,381,3,10427.94,3,1,1,5,Potential
CU-101560,"James Martinez",Corporate,453,3,10263.34,3,1,1,5,Potential
CU-102725,"Emma Garcia","Home Office",319,3,10128.43,3,1,1,5,Potential
CU-101609,"William Johnson",Corporate,496,2,9929.07,2,2,1,5,Lost
CU-101484,"Mary Williams",Consumer,353,3,9836.83,3,1,1,5,Potential
CU-101850,"Mary Wilson","Home Office",347,3,9833.50,3,1,1,5,Potential
CU-102695,"Michael Lopez",Consumer,649,2,9827.47,2,2,1,5,Lost
CU-100186,"Robert Jones","Home Office",485,2,9715.35,2,2,1,5,Lost
CU-100708,"Emma Brown","Home Office",374,3,9653.52,3,1,1,5,Potential
CU-100454,"Richard Wilson",Corporate,604,2,9634.82,2,2,1,5,Lost
CU-100868,"Emma Gonzalez",Corporate,572,2,9547.99,2,2,1,5,Lost
CU-100730,"Linda Davis",Corporate,511,2,9479.58,2,2,1,5,Lost
CU-100035,"Richard Hernandez","Home Office",1085,1,9475.77,1,3,1,5,"At Risk"
CU-102883,"John Jones","Home Office",525,2,9438.53,2,2,1,5,Lost
CU-101127,"Robert Lopez",Consumer,705,2,9418.19,2,2,1,5,Lost
CU-102910,"Robert Davis","Home Office",302,3,9412.07,3,1,1,5,Potential
CU-100505,"Joseph Rodriguez","Home Office",452,5,9396.87,3,1,1,5,Potential
CU-101210,"James Anderson",Consumer,730,2,9379.98,2,2,1,5,Lost
CU-100040,"Jennifer Jones","Home Office",625,2,9334.14,2,2,1,5,Lost
CU-100898,"James Martinez",Consumer,377,3,9250.68,3,1,1,5,Potential
CU-100957,"Jennifer Johnson","Home Office",284,5,9173.78,3,1,1,5,Potential
CU-100341,"Michael Johnson",Corporate,342,3,9066.99,3,1,1,5,Potential
CU-102168,"Emma Martinez",Corporate,663,2,8976.60,2,2,1,5,Lost
CU-100835,"William Davis",Consumer,512,2,8973.33,2,2,1,5,Lost
CU-100930,"Joseph Hernandez","Home Office",310,3,8915.39,3,1,1,5,Potential
CU-100542,"William Williams",Corporate,354,4,8899.04,3,1,1,5,Potential
CU-101141,"Michael Jones",Corporate,369,4,8894.49,3,1,1,5,Potential
CU-102938,"Joseph Jones",Consumer,504,2,8832.84,2,2,1,5,Lost
CU-102227,"Richard Wilson",Corporate,843,2,8629.99,1,2,2,5,Lost
CU-102975,"Elizabeth Brown","Home Office",635,4,8567.71,2,1,2,5,Lost
CU-102864,"Jennifer Martinez","Home Office",554,3,8493.11,2,1,2,5,Lost
CU-102123,"Joseph Gonzalez","Home Office",775,2,8474.64,1,2,2,5,Lost
CU-100467,"David Williams",Corporate,491,3,8426.85,2,1,2,5,Lost
CU-101259,"David Johnson","Home Office",820,2,8380.02,1,2,2,5,Lost
CU-101547,"Lisa Anderson",Consumer,566,4,8030.03,2,1,2,5,Lost
CU-100199,"Richard Brown",Corporate,845,2,7906.85,1,2,2,5,Lost
CU-101209,"Patricia Smith",Consumer,803,2,7883.62,1,2,2,5,Lost
CU-102217,"William Martinez",Corporate,539,3,7847.25,2,1,2,5,Lost
CU-100760,"Emma Anderson",Consumer,642,3,7846.64,2,1,2,5,Lost
CU-101948,"Elizabeth Hernandez","Home Office",600,3,7840.79,2,1,2,5,Lost
CU-102195,"Michael Wilson","Home Office",627,3,7706.60,2,1,2,5,Lost
CU-101214,"Richard Wilson",Consumer,932,2,7701.48,1,2,2,5,Lost
CU-100460,"Joseph Jones",Consumer,869,2,7594.06,1,2,2,5,Lost
CU-100177,"Joseph Anderson",Corporate,557,4,7479.44,2,1,2,5,Lost
CU-100808,"Lisa Martinez",Consumer,882,2,7468.07,1,2,2,5,Lost
CU-100675,"Elizabeth Smith",Consumer,889,2,7436.43,1,2,2,5,Lost
CU-101642,"Jennifer Rodriguez",Corporate,887,2,7299.77,1,2,2,5,Lost
CU-102491,"Jennifer Gonzalez","Home Office",953,2,7270.85,1,2,2,5,Lost
CU-100518,"Sarah Martinez","Home Office",741,2,7236.32,1,2,2,5,Lost
CU-100305,"Michael Hernandez",Consumer,564,3,7182.69,2,1,2,5,Lost
CU-101056,"Elizabeth Rodriguez",Consumer,775,2,7104.88,1,2,2,5,Lost
CU-102755,"Richard Rodriguez",Corporate,884,2,6935.79,1,2,2,5,Lost
CU-102078,"Robert Johnson","Home Office",805,2,6915.39,1,2,2,5,Lost
CU-102183,"Emma Hernandez","Home Office",545,3,6826.99,2,1,2,5,Lost
CU-102894,"Lisa Williams",Consumer,926,2,6693.67,1,2,2,5,Lost
CU-102953,"Joseph Wilson",Corporate,918,2,6522.93,1,2,2,5,Lost
CU-102369,"Mary Lopez",Corporate,858,2,6521.95,1,2,2,5,Lost
CU-101493,"Michael Johnson","Home Office",773,2,6436.26,1,2,2,5,Lost
CU-100457,"Richard Brown",Corporate,807,2,6395.91,1,2,2,5,Lost
CU-102371,"Linda Wilson",Consumer,880,2,6291.49,1,2,2,5,Lost
CU-100111,"James Garcia","Home Office",868,2,6279.20,1,2,2,5,Lost
CU-102659,"Robert Lopez","Home Office",802,2,6276.43,1,2,2,5,Lost
CU-100694,"Michael Smith",Consumer,808,2,6188.85,1,2,2,5,Lost
CU-101361,"Emma Johnson",Corporate,491,3,6183.92,2,1,2,5,Lost
CU-100548,"John Jones",Corporate,799,2,6182.79,1,2,2,5,Lost
CU-100064,"Patricia Jones",Consumer,855,2,6169.39,1,2,2,5,Lost
CU-100102,"Michael Davis",Corporate,888,2,6165.14,1,2,2,5,Lost
CU-100701,"Michael Jones",Corporate,762,2,6100.53,1,2,2,5,Lost
CU-101020,"Emma Lopez","Home Office",942,2,6039.64,1,2,2,5,Lost
CU-102780,"Lisa Garcia",Corporate,767,2,6033.80,1,2,2,5,Lost
CU-100966,"Lisa Brown",Corporate,740,3,5996.59,2,1,2,5,Lost
CU-101665,"Elizabeth Lopez","Home Office",811,2,5968.91,1,2,2,5,Lost
CU-101648,"Linda Anderson","Home Office",564,4,22026.73,2,1,1,4,Lost
CU-101970,"Robert Rodriguez",Consumer,600,4,21040.85,2,1,1,4,Lost
CU-102753,"Emma Johnson",Corporate,503,4,20223.14,2,1,1,4,Lost
CU-101506,"Richard Davis","Home Office",566,4,18303.73,2,1,1,4,Lost
CU-100072,"Joseph Rodriguez","Home Office",883,2,15915.42,1,2,1,4,Lost
CU-100081,"Sarah Wilson",Corporate,574,3,15019.77,2,1,1,4,Lost
CU-101590,"Joseph Brown",Corporate,732,3,14800.23,2,1,1,4,Lost
CU-100608,"Patricia Rodriguez",Corporate,500,4,14702.54,2,1,1,4,Lost
CU-100149,"Joseph Jones",Corporate,645,3,14678.61,2,1,1,4,Lost
CU-100600,"Mary Williams",Corporate,576,5,14501.53,2,1,1,4,Lost
CU-102680,"Emma Hernandez",Corporate,884,2,14284.08,1,2,1,4,Lost
CU-101607,"Elizabeth Anderson",Corporate,651,3,14143.14,2,1,1,4,Lost
CU-101539,"Mary Garcia",Corporate,607,3,14036.28,2,1,1,4,Lost
CU-101990,"Michael Hernandez",Corporate,852,2,13634.66,1,2,1,4,Lost
CU-101315,"Joseph Miller",Corporate,682,3,13468.92,2,1,1,4,Lost
CU-101783,"David Lopez",Consumer,627,3,13316.31,2,1,1,4,Lost
CU-100593,"Lisa Rodriguez",Consumer,608,3,12819.96,2,1,1,4,Lost
CU-100917,"James Smith",Corporate,817,2,12745.94,1,2,1,4,Lost
CU-102092,"James Miller","Home Office",681,3,12734.12,2,1,1,4,Lost
CU-100469,"Joseph Gonzalez",Consumer,626,5,12682.00,2,1,1,4,Lost
CU-100263,"Linda Garcia","Home Office",488,4,12483.06,2,1,1,4,Lost
CU-101411,"Robert Gonzalez","Home Office",691,3,12444.02,2,1,1,4,Lost
CU-101263,"Joseph Davis",Consumer,633,4,12368.92,2,1,1,4,Lost
CU-101321,"William Hernandez","Home Office",592,3,12367.91,2,1,1,4,Lost
CU-100336,"David Smith",Corporate,798,2,12198.60,1,2,1,4,Lost
CU-101542,"Michael Lopez","Home Office",633,3,12042.18,2,1,1,4,Lost
CU-100482,"Patricia Williams",Corporate,612,3,11711.80,2,1,1,4,Lost
CU-101041,"Michael Johnson",Consumer,589,4,11501.06,2,1,1,4,Lost
CU-100952,"James Johnson","Home Office",694,3,11179.59,2,1,1,4,Lost
CU-102367,"Elizabeth Lopez",Corporate,736,4,10720.58,2,1,1,4,Lost
CU-102499,"William Jones",Corporate,872,2,10640.89,1,2,1,4,Lost
CU-101419,"Elizabeth Rodriguez","Home Office",487,3,10501.45,2,1,1,4,Lost
CU-101033,"William Davis","Home Office",900,2,10321.62,1,2,1,4,Lost
CU-100939,"Elizabeth Rodriguez",Consumer,714,3,9932.82,2,1,1,4,Lost
CU-102771,"Lisa Davis","Home Office",537,3,9824.34,2,1,1,4,Lost
CU-101628,"David Brown",Consumer,545,3,9677.31,2,1,1,4,Lost
CU-102496,"John Davis",Consumer,560,3,9596.68,2,1,1,4,Lost
CU-101435,"Jennifer Johnson",Consumer,833,2,9565.11,1,2,1,4,Lost
CU-101668,"Michael Jones","Home Office",767,2,9489.24,1,2,1,4,Lost
CU-100824,"William Davis","Home Office",943,2,9425.45,1,2,1,4,Lost
CU-101681,"James Miller",Consumer,731,3,9327.55,2,1,1,4,Lost
CU-101149,"Joseph Davis",Consumer,911,2,9168.75,1,2,1,4,Lost
CU-100432,"Mary Gonzalez",Corporate,612,3,9109.06,2,1,1,4,Lost
CU-101403,"John Lopez","Home Office",988,2,9036.65,1,2,1,4,Lost
CU-102814,"Joseph Smith",Corporate,750,2,8829.35,1,2,1,4,Lost
CU-102848,"James Wilson",Corporate,847,3,8463.43,1,1,2,4,Lost
CU-102796,"Elizabeth Anderson",Corporate,767,3,7258.91,1,1,2,4,Lost
CU-101671,"Elizabeth Garcia",Corporate,885,3,7230.64,1,1,2,4,Lost
CU-102109,"Mary Johnson",Consumer,1007,2,6804.87,1,1,2,4,Lost
CU-102060,"Michael Jones",Corporate,762,3,6785.45,1,1,2,4,Lost
CU-101103,"Emma Rodriguez","Home Office",812,3,5982.61,1,1,2,4,Lost
CU-100793,"Mary Jones",Corporate,758,3,14199.71,1,1,1,3,Lost
CU-101880,"Joseph Davis","Home Office",1002,2,12903.63,1,1,1,3,Lost
CU-102033,"John Brown",Corporate,827,3,11674.60,1,1,1,3,Lost
CU-101838,"Patricia Davis","Home Office",801,3,11608.64,1,1,1,3,Lost
CU-101416,"Emma Hernandez",Corporate,903,3,9617.21,1,1,1,3,Lost
CU-102415,"Robert Davis",Corporate,924,3,8790.93,1,1,1,3,Lost
